,A.1_DikeIncrease,A.2_DikeIncrease,A.3_DikeIncrease,A.4_DikeIncrease,A.5_DikeIncrease,0_RfR,1_RfR,2_RfR,3_RfR,4_RfR,EWS_DaysToThreat,All Costs,Total Investment Costs,Expected Annual Damage,Total Number of Deaths,Dike Investment Costs,RfR Total Costs,Expected Evacuation Costs
0,10,10,5,6,10,0,1,1,0,0,1,496562760.1513814,463797511.81966424,32765248.331717107,0.011438636775365055,215296688.290358,248500000.0,823.5293062268253
1,8,10,10,5,2,0,1,0,0,1,2,1125335472.4681773,670100230.6347007,455235241.83347654,0.052767849933430803,196178218.29287425,473900000.0,22012.341826496395
2,10,8,0,0,1,1,1,0,0,0,2,1808547046.6755784,456751645.77713674,1351795400.8984413,0.23732889548833053,154295844.4619689,302400000.0,55801.31516781472
3,10,8,1,9,4,1,1,0,0,0,4,1139497632.8008993,494739074.28709465,644758558.5138046,0.0984353061291885,192303332.29653955,302400000.0,35741.99055508195
4,10,10,4,5,1,1,1,1,0,0,0,1064518614.6506059,528838911.6034733,535679703.0471326,0.42532289885046215,195738911.60347334,333100000.0,0.0
5,9,1,9,5,3,0,1,0,1,1,4,1327453341.90694,761941049.5338129,565512292.373127,0.05205794107082172,166805485.17238176,595100000.0,35564.36143106969
6,10,2,3,3,1,0,1,0,1,1,2,1552786583.7248302,756867944.4640342,795918639.2607961,0.09498078234071461,161732023.97034293,595100000.0,35920.49369126992
7,7,10,1,3,1,0,1,1,0,1,2,1351838154.0018818,681093463.6623881,670744690.3394939,0.09137631374979338,176462430.67321774,504600000.0,31032.98917032102
8,7,10,0,7,1,1,1,0,0,0,1,1740796915.4415581,462894816.95502853,1277902098.4865298,0.5583912131224513,160463616.38226265,302400000.0,31200.572765881778
9,1,2,9,3,1,0,0,1,1,0,3,2046792361.6200147,285465088.39070326,1761327273.2293112,0.13674096656172913,133514764.94285114,151900000.0,50323.447852113015
10,8,1,1,3,3,1,1,0,0,1,4,1838032505.6080155,708575496.861776,1129457008.7462397,0.14112722990988796,150009170.53625143,558500000.0,66326.32552459073
11,10,2,5,2,1,1,1,0,1,1,0,1614563080.339267,843111795.5520267,771451284.7872403,0.5871926851941558,163411795.55202678,679700000.0,0.0
12,1,1,1,2,3,0,0,0,1,1,3,2417589533.701482,499874715.92725563,1917714817.774226,0.17602067413277217,122521390.25808199,377300000.0,53325.669173629496
13,6,1,0,10,2,1,1,1,1,1,0,1698719561.8342726,837366081.626425,861353480.2078476,0.8260475935657872,126966081.62642497,710400000.0,0.0
14,9,8,0,8,4,1,1,0,0,0,1,1477737071.3379292,469048408.5326937,1008688662.8052356,0.4868760013853708,166625587.75226632,302400000.0,22820.780427367732
15,5,3,1,1,0,1,1,1,1,1,4,1550061470.1076849,825070660.161662,724990809.9460227,0.07124476638553487,114621624.37140794,710400000.0,49035.79025405492
16,8,10,1,5,1,1,1,1,0,1,3,1419611331.009571,771870762.110521,647740568.89905,0.0720029448150615,182633775.04603818,589200000.0,36987.06448284831
17,10,2,3,2,5,1,1,0,1,1,4,1384556926.1787531,847472254.1403381,537084672.038415,0.05280417749830117,167739564.92071396,679700000.0,32689.21962418973
18,2,1,0,1,3,1,1,1,1,1,1,1640085431.4097881,815789322.5147796,824296108.8950086,0.2826292301151988,105368538.94038378,710400000.0,20783.574395736414
19,10,10,2,4,3,0,1,0,0,0,2,934128807.5993448,413555496.5311499,520573311.0681949,0.08062819230258325,195733301.41419455,217800000.0,22195.11695535778
20,7,1,0,3,1,1,1,0,0,0,1,2118115188.1753323,425133956.64587384,1692981231.5294585,0.6669775568617268,122692154.08464994,302400000.0,41802.561223921126
21,7,3,1,3,1,1,0,0,0,1,3,1738610687.9703653,489359984.9997432,1249250702.970622,0.1517190842942706,148594528.9408171,340700000.0,65456.058926132624
22,7,1,0,9,5,1,1,1,1,1,0,1537319588.692275,845653384.4278731,691666204.2644022,0.6973688923529262,135253384.42787308,710400000.0,0.0
23,8,2,0,3,1,1,1,0,0,0,0,2125584678.534406,432603447.00494766,1692981231.5294585,1.8527154357270188,130203447.00494768,302400000.0,0.0
24,1,9,7,6,1,0,0,0,0,0,2,1749051174.8072536,159703801.6178314,1589347373.1894221,0.15400499524909708,159670054.33698767,0.0,33747.280843735905
25,7,0,0,5,2,1,1,1,1,1,1,1665313548.2380636,799422816.6767495,865890731.5613141,0.2981391441100243,89000836.02268952,710400000.0,21980.654059922534
26,10,10,10,2,5,0,1,1,0,1,1,985907224.1496485,713154275.9179255,272752948.2317231,0.07245655519755093,208546443.60358587,504600000.0,7832.3143396103405
27,10,10,7,5,1,0,0,1,0,1,3,998402225.6444856,486536422.4076567,511865803.2368288,0.04695363011650426,199705171.95638004,286800000.0,31250.45127669476
28,1,2,9,3,1,0,0,1,1,1,3,2294878974.26566,541564559.6943824,1753314414.5712774,0.13633547862794243,133514764.94285114,408000000.0,49794.75153123186
29,9,10,7,6,3,1,1,0,1,0,0,821018686.4056851,622515964.3118596,198502722.0938254,0.15519594195085895,198915964.31185958,423600000.0,0.0
30,8,1,0,1,1,1,1,0,0,1,3,2382394963.0900655,684205407.712048,1698189555.378017,0.2211502301780844,125618419.62408546,558500000.0,86988.08796268626
31,10,10,0,2,1,1,1,0,0,0,3,1794757554.419541,472621868.92718124,1322135685.4923594,0.1882820255061401,170154539.5888355,302400000.0,67329.33834576576
32,9,4,0,5,6,1,1,0,1,1,1,1645930356.2673297,831657934.9198071,814272421.3475225,0.38798164248442124,151939799.8147259,679700000.0,18135.105081240257
33,1,2,0,5,0,0,0,1,1,1,3,2518481731.1917686,489070217.8734774,2029411513.3182912,0.18243833744915328,81007200.59744781,408000000.0,63017.27602958141
34,6,10,10,3,1,1,1,1,1,1,4,1280234868.3342812,894632862.3518763,385602005.9824048,0.034072288613577056,184204663.27334172,710400000.0,28199.078534569246
35,0,10,0,1,1,0,1,0,0,1,2,2388725545.9237247,575403868.180514,1813321677.7432103,0.27545654024684507,101445037.92161289,473900000.0,58830.25890112336
36,1,3,1,2,1,0,0,1,1,1,1,2265730299.430772,533587163.4263789,1732143136.004393,0.4251623214992629,125563907.31838751,408000000.0,23256.107991370824
37,10,10,7,6,6,0,1,1,0,1,0,836605812.7058522,713947228.2150748,122658584.49077733,0.09819874641182307,209347228.21507475,504600000.0,0.0
38,10,1,8,5,1,1,1,1,0,1,1,1627967531.7503045,756235217.8773298,871732313.8729746,0.23846224771065783,167011108.4817759,589200000.0,24109.39555393971
39,9,8,0,5,9,1,1,0,0,1,0,1543946206.3469388,732244513.2114918,811701693.135447,1.1856021845493137,173744513.21149188,558500000.0,0.0
40,1,5,0,2,1,0,0,0,0,0,2,2582629982.2253976,112968263.11115573,2469661719.114242,0.3389621698362371,112902656.1080156,0.0,65607.00314014376
41,10,10,0,1,3,1,1,0,0,0,0,1632521474.7493384,475042229.31247216,1157479245.4368663,1.4424228605885208,172642229.31247216,302400000.0,0.0
42,0,1,0,6,4,0,1,0,1,1,4,2296100970.856637,671619383.8971409,1624481586.9594963,0.19180024073969482,76449500.57574168,595100000.0,69883.32139920128
43,9,10,0,6,4,0,1,0,0,0,2,1397670943.1994376,391443016.0216137,1006227927.177824,0.20230737416508324,173605191.20240605,217800000.0,37824.819207695626
44,9,5,0,3,6,1,1,0,1,1,1,1607541730.5044038,833517260.6623895,774024469.8420142,0.37428077906271967,153799957.11548615,679700000.0,17303.54690332417
45,1,1,6,5,1,0,0,0,1,1,0,2318106206.6241264,505129068.7949743,1812977137.8291519,1.1924406938722325,127829068.79497434,377300000.0,0.0
46,10,2,4,2,2,0,1,1,1,1,0,1392840512.7180462,789525789.424978,603314723.2930682,0.46286942087658,163725789.42497796,625800000.0,0.0
47,10,10,5,2,5,1,1,1,0,1,3,1069844764.3862962,790510613.6734396,279334150.71285653,0.025445418510128073,201294203.870487,589200000.0,16409.802952648766
48,9,8,1,4,5,1,0,0,0,1,0,1187701515.9408388,524943247.0674345,662758268.8734041,0.8231047152272823,184243247.0674345,340700000.0,0.0
49,1,8,1,5,5,0,0,0,0,1,2,2133154231.7891657,409858469.51452684,1723295762.274639,0.21718925178678103,153724971.34866524,256100000.00000003,33498.16586158025
50,5,10,0,5,2,1,1,1,0,1,0,1570456812.0651464,741091912.7343583,829364899.3307881,0.9066705802587834,151891912.73435834,589200000.0,0.0
51,9,9,1,1,1,0,1,0,0,0,3,1376787002.1825957,397324653.2739789,979462348.9086168,0.12554878123528612,179472336.44198388,217800000.0,52316.83199501704
52,0,2,0,1,4,0,1,0,0,1,3,2458948079.880622,549301586.7255255,1909646493.1550963,0.22995868745040307,75327139.05032644,473900000.0,74447.67519906437
53,6,1,1,2,3,1,1,0,1,1,0,1663824932.877537,820238444.2563255,843586488.6212115,0.8365432692423893,140538444.25632542,679700000.0,0.0
54,9,1,0,3,1,1,1,0,0,1,0,2361549377.719487,690348194.1675844,1671201183.5519032,1.8335895491850194,131848194.1675844,558500000.0,0.0
55,1,1,0,10,2,0,0,1,1,1,3,2452486470.4201837,517004661.05932164,1935481809.360862,0.1747611930515799,108949027.62818155,408000000.0,55633.43114007835
56,10,4,1,6,1,0,1,0,0,1,1,1689275950.1620457,642667546.0703459,1046608404.0916996,0.4035399144287233,168741059.86617795,473900000.0,26486.204168012264
57,10,10,5,5,1,1,1,0,0,0,3,1036196149.0259763,499433161.0555412,536762987.97043496,0.051243932293161015,197000848.6371966,302400000.0,32312.41834461271
58,7,1,0,0,1,1,1,0,1,1,1,2189150069.601284,794784158.0825192,1394365911.5187652,0.5364340645766746,115049311.21150635,679700000.0,34846.87101281434
59,1,3,0,2,1,0,0,1,1,1,1,2408492445.869044,513962189.5832022,1894530256.285842,0.5101528610289678,105935344.47831827,408000000.0,26845.10488389431
60,9,3,7,2,2,1,1,1,1,1,0,1365099882.1347952,876359807.9725236,488740074.1622716,0.3684978919883742,165959807.9725236,710400000.0,0.0
61,8,3,0,6,1,1,1,1,1,1,3,1641692718.507675,846511799.3539252,795180919.1537497,0.09322049821977241,136068727.43015653,710400000.0,43071.92376876897
62,10,6,0,3,6,1,1,0,0,1,1,1674913490.7152438,721037364.1988369,953876126.5164073,0.4650128347658645,162516027.74260634,558500000.0,21336.456230495078
63,10,10,4,7,2,1,1,0,0,0,1,984767576.8678763,501644129.07184064,483123447.79603565,0.14519937567100422,199230405.34218135,302400000.0,13723.729659296756
64,7,1,0,4,1,1,1,0,0,1,1,2343854070.501459,682066172.6382196,1661787897.8632393,0.6587678578168908,123525241.69928426,558500000.0,40930.938935279424
65,1,1,1,1,4,0,0,0,1,1,3,2390657164.7354193,500867894.27482396,1889789270.4605954,0.17292223238055998,123516170.68278804,377300000.0,51723.59203596944
66,1,7,0,6,5,0,0,0,0,1,3,2477950618.9844503,387015575.3494964,2090935043.634954,0.23764693749077323,130857283.92804052,256100000.00000003,58291.42145588859
67,9,10,0,5,5,1,0,0,0,0,3,1271413778.2991297,259146309.28561503,1012267469.0135148,0.1621567191531384,174498922.46768314,84600000.0,47386.81793188993
68,9,4,1,1,3,1,1,0,1,1,0,1460854854.233767,842543939.4750961,618310914.7586709,0.6663821055684391,162843939.47509614,679700000.0,0.0
69,10,10,1,6,7,0,1,1,1,1,0,943118216.1379724,829737169.8856279,113381046.25234455,0.14682292817383205,203937169.88562784,625800000.0,0.0
70,1,9,0,5,1,0,0,0,0,0,3,2496036888.670663,131765131.9781835,2364271756.6924796,0.2626001524419745,131689478.61408411,0.0,75653.36409938941
71,10,9,2,5,1,1,1,1,0,0,3,1082686144.202137,521901165.00783795,560784979.1942989,0.055648437040703255,188767863.36298442,333100000.0,33301.64485355995
72,7,10,9,2,2,1,1,1,1,1,3,1194507723.4363542,898052408.732885,296455314.7034691,0.02633328438484986,187634321.18759876,710400000.0,18087.545286269968
73,1,9,0,5,5,0,0,0,0,1,2,2474945189.8573265,394630847.35442674,2080314342.502899,0.2955393789610161,138484307.44860366,256100000.00000003,46539.90582304523
74,9,8,1,7,5,0,0,0,0,0,2,833871234.6977414,187064658.82029384,646806575.8774477,0.1232055681695336,187039908.0019143,0.0,24750.818379537417
75,9,1,0,3,1,1,1,0,1,1,1,2178030200.843115,811582063.448864,1366448137.3942504,0.5331223219111618,131848194.1675844,679700000.0,33869.28127954948
76,8,8,0,2,1,1,0,0,0,1,2,1811453280.0866408,492254810.930544,1319198469.1560967,0.234025272924726,151500598.4668682,340700000.0,54212.463675836145
77,1,4,0,4,1,0,0,1,1,1,3,2299972290.6783905,518997891.7817073,1780974398.8966832,0.16064737733704088,110948688.58895764,408000000.0,49203.19274962522
78,1,6,1,1,7,0,0,0,1,1,3,1962093932.7924397,523600553.7137193,1438493379.07872,0.13175505386329397,146272941.68505386,377300000.0,27612.02866549401
79,1,6,1,6,1,0,0,0,0,0,1,2171998131.1798563,139757682.39263397,2032240448.7872224,0.6066051323982455,139728260.5761213,0.0,29421.816512676513
80,9,10,1,5,5,1,1,0,0,1,1,1395370740.6371994,752642384.9772042,642728355.6599952,0.29230032203942,194127485.30775237,558500000.0,14899.669451883403
81,10,2,0,6,3,1,1,0,0,0,3,1918155149.9245543,448202691.1009298,1469952458.8236246,0.20444158237737464,145731145.61850464,302400000.0,71545.48242517674
82,0,2,0,1,6,0,1,0,1,1,3,2243807059.6828103,674225046.4713578,1569582013.211452,0.18496902035528182,79068097.73977868,595100000.0,56948.7315791976
83,10,2,1,4,6,0,1,0,0,1,1,1557776464.1380975,642947838.3390769,914828625.7990206,0.36460088697911197,169026537.74585345,473900000.0,21300.593223462885
84,9,10,3,9,3,0,1,0,1,1,1,1030422876.9336929,791971787.6190861,238451089.31460685,0.08055439628646206,196865380.36187857,595100000.0,6407.25720746763
85,8,10,10,9,1,0,1,0,0,0,2,922093031.3810184,416479338.525496,505613692.85552233,0.05830436333742545,198654503.17782277,217800000.0,24835.347673248292
86,1,1,0,6,1,0,0,0,1,1,3,2901380678.1120343,480473521.8481483,2420907156.2638865,0.25239918030874564,103094423.02003771,377300000.0,79098.82811059996
87,10,10,3,10,3,1,1,1,0,0,2,891310050.8003916,536091446.3040182,355218604.49637336,0.046108496017749016,202975174.78521428,333100000.0,16271.518803920713
88,9,3,0,5,2,1,1,0,0,0,3,1982326062.4701948,443888730.74787825,1538437331.7223167,0.2105270206543099,141412122.8074374,302400000.0,76607.94044085822
89,10,9,1,4,6,1,1,0,0,1,1,1301349404.1145582,754011096.4518993,547338307.662659,0.2635421464467321,195498876.03193018,558500000.0,12220.419969078044
90,10,10,2,10,2,1,0,1,0,0,1,805818890.1733344,315482983.9169457,490335906.25638866,0.15001333983820794,200169126.12558046,115300000.0,13857.791365239907
91,9,10,0,6,2,1,1,0,0,0,0,1696011736.1380818,472611441.4964262,1223400294.6416557,1.5123252910976868,170211441.49642625,302400000.0,0.0
92,1,4,0,5,2,0,0,1,0,1,1,2432111550.9587655,400235270.08533865,2031876280.873427,0.5900785766753522,113405717.59807837,286800000.0,29552.487260265036
93,1,2,0,10,1,0,1,0,0,1,0,2263223400.727831,584327230.986065,1678896169.741766,1.8430438713017105,110427230.986065,473900000.0,0.0
94,8,9,0,3,1,1,1,0,0,1,1,2018918814.255052,715207948.8395106,1303710865.4155416,0.559033497174227,156675785.2910244,558500000.0,32163.548486118358
95,1,1,0,5,0,0,0,0,1,1,3,2935046312.479413,455336211.18105495,2479710101.298358,0.2572402921775162,77953066.33288991,377300000.0,83144.84816500977
96,8,1,0,3,1,1,1,0,0,1,3,2356935561.4683824,685734377.9164796,1671201183.5519032,0.22003074590220234,127149312.74038978,558500000.0,85065.17608978786
97,1,2,1,5,1,0,0,0,0,1,0,2743168664.643398,380945703.16807663,2362222961.475322,1.9296926734397448,124845703.16807662,256100000.00000003,0.0
98,1,3,1,5,10,0,0,1,1,1,1,1904203788.2832556,553441429.7576811,1350762358.525574,0.3245267900322915,145429803.61618984,408000000.0,11626.141491301309
99,7,10,0,4,9,1,1,0,0,1,0,1550063966.5895805,731210515.1639827,818853451.4255978,1.1853869120126623,172710515.16398275,558500000.0,0.0
100,5,1,0,1,0,1,1,0,0,1,0,2345408804.8932576,647219249.5152408,1698189555.378017,1.8429185848173701,88719249.51524077,558500000.0,0.0
101,1,2,0,5,1,0,0,0,0,0,3,2837073596.3782845,105311521.54944395,2731762074.8288407,0.2962863992861011,105217140.32800739,0.0,94381.22143655815
102,1,2,0,5,1,0,0,0,0,1,0,3083642531.5924807,361317140.3280074,2722325391.264474,2.4547343461759543,105217140.32800739,256100000.00000003,0.0
103,10,1,0,5,1,1,1,0,0,1,3,2345294859.8682284,697097797.7567695,1648197062.1114593,0.21893263971742913,138514299.44156608,558500000.0,83498.31520339029
104,10,5,0,10,2,0,1,0,1,1,1,1710330655.5122468,753664136.9414028,956666518.5708442,0.4272089988922075,158541444.65209344,595100000.0,22692.289309359177
105,8,10,2,4,2,1,1,0,0,1,3,1356047253.6795044,742961228.4213862,613086025.2581182,0.07027030082197042,184427136.38098088,558500000.0,34092.04040543508
106,1,0,0,1,1,0,0,0,0,1,0,3090354377.0753803,318036492.54434913,2772317884.5310316,2.473214266681415,61936492.544349104,256100000.00000003,0.0
107,7,1,0,1,0,1,1,0,1,1,0,2215627159.4223795,776651321.237786,1438975838.1845937,1.525984554117147,96951321.23778604,679700000.0,0.0
108,1,5,0,5,2,0,0,0,0,1,3,2740684097.229487,373154910.69462496,2367529186.5348616,0.26295928737065727,116980060.6159192,256100000.00000003,74850.07870572727
109,1,0,0,1,1,0,0,0,0,0,2,2846110243.887616,62015378.244125225,2784094865.643491,0.3733357089242242,61936492.544349104,0.0,78885.69977611853
110,1,4,0,5,2,0,0,0,0,1,0,2795346893.941549,369505717.59807837,2425841176.34347,2.2371306313549173,113405717.59807837,256100000.00000003,0.0
111,10,10,0,5,2,1,0,0,1,1,0,1524638471.603823,636131944.0967392,888506527.5070837,1.1292632595048777,174231944.09673914,461900000.0,0.0
112,8,7,0,6,2,1,1,1,1,1,0,1383130825.7624197,862738878.3942163,520391947.3682035,0.5716692119707856,152338878.3942163,710400000.0,0.0
113,0,3,0,0,1,0,1,0,0,1,1,2663727374.140949,541408201.1527684,2122319172.9881806,0.7473071942969749,67465186.43237296,473900000.0,43014.72039549981
114,9,10,6,5,2,0,1,0,0,1,4,1131838173.1441426,668878337.4146489,462959835.7294938,0.04375183936148347,194946087.2713629,473900000.0,32250.14328598493
115,1,10,2,5,3,0,0,0,0,0,0,1740362172.3427336,160263106.1385242,1580099066.204209,1.1618846819955042,160263106.1385242,0.0,0.0
116,9,10,0,5,2,1,1,0,0,0,0,1701119861.0171845,471680024.5398381,1229439836.4773464,1.5149154562732854,169280024.53983805,302400000.0,0.0
117,1,10,1,1,2,0,0,1,0,1,2,2155615088.156088,441102059.9988462,1714513028.1572409,0.18129847646360375,154264134.72530684,286800000.0,37925.273539317044
118,6,1,1,2,1,1,1,1,1,1,3,1668686892.3532703,847753109.6193657,820933782.7339045,0.08010280509771825,137307149.300533,710400000.0,45960.318832678684
119,1,3,0,3,1,0,0,0,0,1,0,3046304094.2752557,362822632.3624669,2683481461.912789,2.41966305705251,106722632.36246683,256100000.00000003,0.0
120,0,2,0,2,0,0,1,0,0,1,0,2690373730.0731273,520791123.93926835,2169582606.1338587,2.115336624962034,46891123.93926838,473900000.0,0.0
121,7,2,0,6,0,1,1,1,1,1,3,1767428190.5111775,814634231.8455751,952793958.6656027,0.10667091652061664,104181951.29231708,710400000.0,52280.55325800905
122,1,10,2,9,2,0,0,1,0,0,1,1758090950.641207,193378950.33252722,1564712000.3086796,0.37696910356830504,162659957.88102925,30700000.0,18992.45149798336
123,1,0,0,6,0,0,0,0,1,1,2,2896490721.3389797,419269845.54029626,2477220875.7986836,0.32138544134083125,41903048.60376268,377300000.0,66796.9365335574
124,10,3,0,5,2,1,1,0,0,1,0,2233864690.5222874,704864042.3643385,1529000648.1579494,1.7400728575776943,146364042.3643385,558500000.0,0.0
125,1,5,1,0,1,0,0,1,0,1,3,2242155145.391562,412529557.13285756,1829625588.2587047,0.1555397002407346,125675663.9590898,286800000.0,53893.17376773436
126,1,2,1,2,1,0,0,1,1,1,1,2363812522.062123,530370066.08067435,1833442455.9814487,0.4513860581100376,122344229.56684747,408000000.0,25836.513826908762
127,1,2,6,1,1,1,1,1,1,1,1,1533457758.518812,838057691.8450035,695400066.6738083,0.18420458969202425,127638124.22614732,710400000.0,19567.618856138586
128,1,6,0,2,1,0,0,1,1,1,2,2249298839.3893266,524704421.92238736,1724594417.4669394,0.1930290951694641,116666807.1782347,408000000.0,37614.744152663785
129,1,2,0,2,1,0,0,0,0,1,2,3116626615.217269,358893348.3326888,2757733266.884581,0.3702713100232947,102715666.72677824,256100000.00000003,77681.60591051396
130,6,2,1,5,1,1,1,0,1,1,4,1813165722.3904161,822623938.568418,990541783.8219984,0.11399570096250684,142862757.16632003,679700000.0,61181.40209791619
131,7,10,7,2,1,1,1,1,1,1,4,1284678090.697169,893524387.0190653,391153703.67810404,0.03432352009444811,183095738.7153153,710400000.0,28648.30374991364
132,1,5,1,6,2,0,0,1,0,1,3,2144320706.3300755,424386350.9702951,1719934355.3597803,0.14838574952205572,137540040.41257665,286800000.0,46310.55771838299
133,9,3,0,7,2,1,1,1,0,1,0,1751954818.922555,732527685.6394709,1019427133.2830843,1.05667401538014,143327685.6394709,589200000.0,0.0
134,8,4,0,6,2,1,1,0,0,1,2,2048954060.4956386,699591589.7761683,1349362470.7194705,0.24087633701175043,141037626.94868746,558500000.0,53962.82748089329
135,9,3,0,5,1,1,1,0,0,1,2,2284749790.169587,698400778.8502562,1586349011.3193307,0.26703247354730325,139836191.90076292,558500000.0,64586.94949324836
136,1,3,1,2,3,0,0,0,0,1,2,2539088592.13355,384947550.8467619,2154141041.2867885,0.26500858893341855,128795202.27417992,256100000.00000003,52348.572581928296
137,7,10,0,2,2,1,1,0,0,1,0,1971533539.3887608,716122510.8556744,1255411028.5330863,1.514337529044407,157622510.85567442,558500000.0,0.0
138,1,3,3,6,2,0,0,1,0,1,1,2173195629.8269973,419645620.9703147,1753550008.8566828,0.4264198459709752,132821941.92410967,286800000.0,23679.04620496422
139,9,3,0,6,3,1,1,1,0,1,0,1631016790.095408,733198903.8131435,897817886.2822645,0.9655837288277567,143998903.81314355,589200000.0,0.0
140,0,2,0,2,0,1,0,0,0,1,1,2377504203.5587826,387634311.566349,1989869891.992433,0.7246115960569275,46891123.93926838,340700000.0,43187.62708068434
141,1,4,0,5,1,0,0,1,0,1,1,2487885892.3079143,398661248.27310604,2089224644.0348082,0.6045302844609101,111829786.69140391,286800000.0,31461.581702086736
142,9,10,1,1,2,1,1,0,0,1,1,1654079906.2934513,744186689.9030669,909893216.3903846,0.3578525002203534,185663508.54652235,558500000.0,23181.356544503884
143,10,10,1,4,5,0,0,0,0,1,0,1110617498.1739824,454298306.76220727,656319191.4117751,0.8174173908445101,198198306.7622072,256100000.00000003,0.0
144,1,1,0,7,6,0,0,0,1,1,2,2610892693.920515,490137502.09935147,2120755191.8211634,0.2820458104510181,112789208.19758953,377300000.0,48293.90176194053
145,7,2,0,6,4,1,1,0,1,1,1,1951592114.0416458,813088195.4844419,1138503918.5572038,0.4756242358176031,133361571.63553089,679700000.0,26623.84891096961
146,4,2,0,1,0,1,1,1,1,1,3,1787110128.2922533,798432878.0877265,988677250.2045269,0.10831619176569476,87978123.0172392,710400000.0,54755.070487245175
147,1,1,0,1,0,0,0,0,1,1,0,2965112154.837113,452007987.499505,2513104167.337608,2.1562802359811926,74707987.499505,377300000.0,0.0
148,6,2,0,6,0,0,1,0,1,1,4,2098232694.344241,695140147.6985718,1403092546.6456692,0.18147287124897954,99955671.55227946,595100000.0,84476.14629234365
149,9,10,0,4,4,1,1,0,0,1,3,1746762300.2475188,730340679.0465915,1016421621.2009273,0.16109508762968633,171792676.14337158,558500000.0,48002.90321995125
150,10,3,0,5,5,1,1,0,0,0,3,1775310921.2842402,454045957.0257552,1321264964.2584848,0.19089388505465404,151582940.29218358,302400000.0,63016.73357162445
151,1,10,0,5,2,0,0,0,0,0,3,2441520371.6189556,137952205.98859426,2303568165.630361,0.2574253365764797,137880650.71862254,0.0,71555.26997172934
152,1,3,0,5,1,0,0,0,0,0,2,2778424188.9808073,108510164.94409578,2669914024.036712,0.36372467300814326,108436818.07954742,0.0,73346.86454835506
153,1,7,0,6,6,0,0,0,0,1,0,2367472026.380728,388873094.3956275,1978598931.9851007,1.8920554400113931,132773094.39562747,256100000.00000003,0.0
154,10,10,3,10,3,1,0,0,0,0,3,662766148.395163,287596173.86645854,375169974.5287045,0.040730990603485215,202975174.78521428,84600000.0,20999.081244230994
155,7,3,0,1,1,1,1,0,0,1,3,2322360307.1297555,686018802.5438673,1636341504.5858884,0.21584356929849785,127435072.98444355,558500000.0,83729.55942384925
156,1,2,0,6,7,0,0,0,0,1,1,2665768693.9515295,373002441.1464149,2292766252.805115,0.7666128354300062,116869734.1835013,256100000.00000003,32706.962913503714
157,1,3,3,1,1,0,0,1,1,1,1,2235261783.0342045,535092246.3350346,1700169536.6991696,0.4033117717362089,127069515.22746207,408000000.0,22731.107572571113
158,0,2,0,4,1,0,1,0,0,1,4,2694491315.1909122,546725748.9253811,2147765566.2655315,0.2528481147394574,72721439.16861083,473900000.0,104309.75677019675
159,10,10,3,4,10,0,1,1,1,1,3,882307417.4315743,836819208.1196479,45488209.311926536,0.007102373545116847,211017113.7654912,625800000.0,2094.354156565743
160,9,2,0,1,1,0,0,0,0,0,1,1843380360.4782968,133413823.98782003,1709966536.4904766,0.6690992559470816,133371435.31583796,0.0,42388.67198206994
161,9,10,1,10,1,1,1,0,1,1,1,1492200364.9163182,872258968.5766134,619941396.3397046,0.24104366024199597,192542747.1312904,679700000.0,16221.445323028518
162,9,10,5,2,1,1,1,1,0,0,3,1081458005.3698893,522681662.07734394,558776343.2925452,0.050340136203222696,189547455.47906634,333100000.0,34206.59827757758
163,1,3,0,5,5,0,0,0,0,1,3,2757361545.0788794,371404935.2317467,2385956609.847132,0.26481108913335294,115231646.91406697,256100000.00000003,73288.31767966789
164,1,1,0,1,1,0,0,1,0,1,2,2756483278.849205,385782683.30131763,2370700595.5478873,0.280005704538703,98917927.23006457,286800000.0,64756.07125308843
165,5,2,0,7,2,1,1,1,0,1,3,1834556014.2589889,711978771.5228205,1122577242.7361684,0.13578841858804291,122719896.08245116,589200000.0,58875.440369348544
166,10,1,0,5,2,1,1,0,1,1,0,2074359893.9841516,819790230.3482406,1254569663.6359107,1.4075450156692766,140090230.34824055,679700000.0,0.0
167,1,3,6,5,1,0,0,1,1,1,1,2176958883.752449,542123873.9419315,1634835009.810517,0.38034729013162516,134102880.81107228,408000000.0,20993.130859309127
168,10,2,0,5,3,1,1,0,0,1,3,2169926680.620767,703371363.5258187,1466555317.094948,0.20303412445345992,144799728.6619164,558500000.0,71634.86390235556
169,9,9,5,6,4,1,1,1,1,1,0,1066885904.8759484,903734785.451674,163151119.42427453,0.13176642288607454,193334785.45167398,710400000.0,0.0
170,10,10,10,5,10,0,1,1,0,1,2,753460495.6556224,726218759.6902992,27241735.965323187,0.003015159355377073,221617511.06686866,504600000.0,1248.6234305260114
171,10,2,1,5,3,1,1,0,1,1,2,1665016151.701996,844161445.5601885,820854706.1418076,0.1241526972263415,164428291.50198564,679700000.0,33154.05820291967
172,10,2,0,4,1,0,1,0,0,1,3,2276459653.528471,614671755.6652317,1661787897.8632393,0.21958928593896362,140687335.60367772,473900000.0,84420.06155401381
173,10,10,3,10,4,1,1,1,1,1,1,1102668813.873419,915118591.7324511,187550222.14096794,0.06277705981928826,204713560.44207612,710400000.0,5031.290374983333
174,1,2,0,6,1,0,0,0,0,1,3,3082317492.3024535,362342477.5089658,2719975014.7934885,0.2944489972116102,106148557.28459561,256100000.00000003,93920.2243701978
175,1,3,1,5,2,0,0,0,0,1,0,2628767859.348103,385741311.82629114,2243026547.5218115,1.8453268667055298,129641311.82629111,256100000.00000003,0.0
176,10,5,0,5,1,1,1,0,0,0,0,1814341327.1949575,454155423.08736134,1360185904.107596,1.6154943268373139,151755423.08736137,302400000.0,0.0
177,10,10,1,2,1,1,1,1,1,1,0,1365913149.8214812,900183102.4289048,465730047.39257646,0.4016569112970596,189783102.42890474,710400000.0,0.0
178,10,10,0,5,5,0,0,0,0,1,2,1438419524.238257,435588738.78910977,1002830785.4491473,0.20054805176018983,179450842.02458423,256100000.00000003,37896.76452550053
179,10,10,1,2,0,0,1,1,1,1,0,1313416929.625719,791373162.6983452,522043766.927374,0.44090001766305376,165573162.69834518,625800000.0,0.0
180,9,1,0,6,1,1,0,0,0,0,3,1870771409.6151154,219177205.77497944,1651594203.840136,0.22034009764134385,134493796.84125322,84600000.0,83408.93372621147
181,9,2,0,6,1,0,1,0,0,0,2,2007009272.818738,355415068.9786021,1651594203.840136,0.27542512205167985,137547931.1058111,217800000.0,67137.87279098462
182,1,2,0,5,2,0,0,0,0,1,0,3027870099.3377743,362893071.23468184,2664977028.1030927,2.414590713438294,106793071.23468184,256100000.00000003,0.0
183,6,1,0,3,1,0,1,0,0,0,4,2029347693.287016,336366461.75755733,1692981231.5294585,0.22232585228724228,118465874.34461232,217800000.0,100587.4129450602
184,7,1,1,1,1,1,1,1,0,1,1,1787617979.404978,730018406.6032248,1057599572.8017534,0.3202629631882954,140789823.80841485,589200000.0,28582.79480991524
185,9,5,1,2,2,1,1,0,1,1,3,1470448208.5744119,845238924.9592445,625209283.6151674,0.08082010100679173,165506523.6759748,679700000.0,32401.28326961439
186,10,10,1,1,0,0,1,1,1,1,0,1323335607.9534097,790629557.4661894,532706050.4872203,0.44465253109816505,164829557.4661894,625800000.0,0.0
187,0,1,0,1,0,0,1,1,0,1,0,2330243319.23972,547693384.4425547,1782549934.7971654,1.5135659217314223,43093384.44255472,504600000.0,0.0
188,10,5,1,10,2,1,0,0,0,1,0,1444950758.046246,518870007.49216264,926080750.5540835,1.032619501613524,178170007.49216264,340700000.0,0.0
189,10,10,10,2,6,0,1,1,0,1,1,875483718.9502912,715066882.3684214,160416836.5818697,0.04065570112933277,210462254.0711728,504600000.0,4628.29724854979
190,10,10,10,6,10,0,1,1,0,0,2,496216458.20989686,471050057.70375884,25166400.506138016,0.002898896464384675,222548928.02345687,248500000.0,1129.6803019727429
191,1,1,0,7,7,0,0,0,1,0,2,2334435690.3419237,236046831.31596878,2098388859.0259552,0.2803201295002433,114799745.79438874,121200000.0,47085.52158003537
192,10,2,0,5,4,1,1,0,0,1,3,2078780415.4060726,705104083.9198261,1373676331.4862463,0.19448226818925402,146538114.31877825,558500000.0,65969.60104789927
193,10,1,1,4,3,1,1,0,1,1,0,1664822587.5400286,840193059.1349814,824629528.405047,0.8292058110508167,160493059.13498145,679700000.0,0.0
194,1,4,3,9,1,0,0,1,0,0,4,1908136526.5132809,168517030.55848113,1739619495.9547997,0.14069414075857872,137759778.46432647,30700000.0,57252.094154646424
195,8,1,0,6,1,1,1,1,1,1,2,1798336379.7687843,840236484.7325093,958099895.036275,0.1340475141351106,129794915.4140586,710400000.0,41569.31845063761
196,1,6,0,4,1,0,0,0,0,1,0,2779835194.9328413,374387182.67701757,2405448012.255824,2.210407969444301,118287182.67701757,256100000.00000003,0.0
197,1,3,0,5,1,0,0,0,0,1,1,3025058191.052176,364580850.5798312,2660477340.472345,0.867784381984584,108436818.07954742,256100000.00000003,44032.50028371341
198,9,2,0,7,1,0,1,0,0,1,4,2255691668.9301043,612529118.143941,1643162550.7861638,0.21866307043876082,138532076.98125643,473900000.0,97041.1626845211
199,0,1,0,5,1,1,1,0,0,1,4,2282850775.996445,629145883.9009479,1653704892.0954967,0.21930906028928715,70548403.00649922,558500000.0,97480.89444877749
200,5,2,0,10,2,1,1,1,1,1,1,1636168517.995936,836434693.6935585,799733824.3023775,0.2815483310295099,126014423.90847522,710400000.0,20269.785083242514
201,1,3,0,5,1,0,0,0,0,0,0,2778350842.116259,108436818.07954742,2669914024.036712,2.424831153387621,108436818.07954742,0.0,0.0
202,9,10,7,10,5,1,1,1,0,1,1,1026092005.481108,795964609.9081038,230127395.5730041,0.06629638188997602,206758171.8920561,589200000.0,6438.016047728181
203,1,1,3,6,1,0,0,1,0,0,1,2131699512.3809643,155701981.49949273,1975997530.8814716,0.48379810200333634,124972199.00133727,30700000.0,29782.498155432193
204,1,5,1,5,1,0,0,0,0,0,0,2206333056.364426,135032692.54931396,2071300363.815112,1.7141395317323498,135032692.54931396,0.0,0.0
205,1,4,0,1,1,0,0,0,0,1,2,2897935320.769444,364753287.9980349,2533182032.771409,0.34436312768970584,108584707.858019,256100000.00000003,68580.14001589658
206,10,5,0,6,2,0,1,0,0,1,2,1919264861.5896127,628214380.6787505,1291050480.9108622,0.2340058515218344,154262770.95062405,473900000.0,51609.72812653879
207,10,10,2,4,1,0,1,0,0,1,1,1336854833.4464793,666420445.0269799,670434388.4194994,0.22526261025146904,192502006.45840213,473900000.0,18438.568577790225
208,10,10,9,5,2,0,1,1,0,1,1,1163374437.1436217,708856997.068174,454517440.07544756,0.12640918256395497,204243754.4286635,504600000.0,13242.639510515155
209,1,5,0,6,1,0,0,0,0,0,0,2544610238.090752,116335546.66583297,2428274691.4249196,2.2431998435257605,116335546.66583297,0.0,0.0
210,10,10,7,5,3,0,1,0,0,1,2,1009147369.210737,676852140.8039355,332295228.40680134,0.03925583853126674,202936466.91217247,473900000.0,15673.891763048707
211,1,2,0,5,1,0,0,0,0,0,1,2837024975.7490597,105262900.92021905,2731762074.8288407,0.8888591978583034,105217140.32800739,0.0,45760.59221166455
212,1,3,0,5,2,0,0,0,0,1,0,2969241726.297186,366112748.9862219,2603128977.3109636,2.3703685394417393,110012748.98622188,256100000.00000003,0.0
213,1,7,0,5,1,0,0,1,0,1,1,2383058262.27121,409959681.528077,1973098580.7431335,0.571566766695917,123131038.13693275,286800000.0,28643.391144270954
214,9,1,0,5,1,0,1,0,0,1,1,2255699926.027738,607502863.9162787,1648197062.1114593,0.6567979191522872,133562379.884665,473900000.0,40484.031613764986
215,10,10,7,5,2,1,1,1,0,1,3,1245025855.8824925,790508415.807045,454517440.07544756,0.04213639418798499,201281102.8630545,589200000.0,27312.943990437507
216,1,10,1,3,5,0,0,1,1,1,3,1838955803.9431708,569034790.011359,1269921013.9318113,0.10015139984331996,161013925.76945627,408000000.0,20864.241902716083
217,9,2,0,5,1,0,0,0,0,0,3,1794334063.8013155,136700318.12548885,1657633745.675827,0.2206509174624157,136616514.14922288,0.0,83803.97626595249
218,10,10,3,6,2,0,1,0,0,1,1,1167672524.1022072,670955153.6953231,496717370.40688443,0.1519159754206347,197041137.03462693,473900000.0,14016.660696094557
219,9,5,0,1,1,1,1,0,0,1,3,2102871838.6204424,702130124.8106561,1400741713.8097863,0.1943586319361464,143558424.69707534,558500000.0,71700.11358067485
220,10,9,1,6,2,1,1,0,1,0,0,1286830046.4725244,613776682.6955326,673053363.7769918,0.8189950952526799,190176682.69553262,423600000.0,0.0
221,10,5,0,2,1,1,1,0,1,1,1,1907614610.518133,828980669.1397829,1078633941.3783498,0.45513082003138383,149253949.4861322,679700000.0,26719.6536507098
222,10,10,0,5,2,1,1,0,0,0,3,1706132758.5988865,476692922.1215403,1229439836.4773464,0.18178985475279424,174231944.09673914,302400000.0,60978.02480112369
223,10,10,7,6,3,0,1,0,0,1,2,1007728284.6626248,677783432.7268085,329944851.9358162,0.03910693311938633,203867883.86876068,473900000.0,15548.858047870282
224,0,1,0,5,1,1,0,0,0,1,1,2365752427.655019,411290411.282693,1954462016.372326,0.719664816624364,70548403.00649922,340700000.0,42008.276193778845
225,1,5,0,9,1,0,0,0,1,1,3,2622313430.4348745,496820193.7363811,2125493236.6984937,0.2260287171640195,119456345.50086774,377300000.0,63848.23551338639
226,10,10,3,6,2,1,1,0,0,0,3,1004076055.5828242,499470357.61956316,504605697.96326125,0.052123724251145045,197041137.03462693,302400000.0,29220.584936181956
227,1,1,1,3,1,0,0,1,0,1,0,2511616913.315092,406877383.18643814,2104739530.128654,1.5105859884214041,120077383.18643813,286800000.0,0.0
228,9,3,1,5,3,1,1,1,0,1,3,1413126574.703476,751931005.5433458,661195569.1601301,0.07437441104432335,162696049.69662455,589200000.0,34955.84672128979
229,1,1,0,1,0,0,1,0,1,1,0,2146700610.3530173,669807987.499505,1476892622.8535123,1.547960299648647,74707987.499505,595100000.0,0.0
230,1,10,1,5,2,0,0,0,0,1,1,2347664883.5423384,413635831.2654963,1934029052.2768412,0.5781061743094439,157509213.55869177,256100000.00000003,26617.706804532812
231,7,3,0,5,1,1,1,1,1,1,3,1638793527.872622,841123383.2191981,797670144.6534238,0.09335243732462364,130680151.81782846,710400000.0,43231.40136973567
232,10,10,0,10,3,1,1,0,1,1,2,1669808931.1053824,860828343.657321,808980587.4480612,0.16071785024162868,181097398.8039147,679700000.0,30944.853406317066
233,1,1,0,2,0,0,0,0,1,1,1,2955234545.227216,452792661.4494536,2502441883.777762,0.7749099801165893,75451592.73166077,377300000.0,41068.71779282447
234,9,10,9,3,1,0,1,1,0,0,1,995695655.6692665,444518160.20230025,551177495.4669662,0.14653912334882627,196001718.24800733,248500000.0,16441.95429295986
235,9,5,0,10,7,1,1,1,1,1,0,1193568084.3898702,873134771.0874236,320433313.3024466,0.42025751333826256,162734771.08742356,710400000.0,0.0
236,1,10,1,1,3,0,0,1,0,1,4,2032984867.4794996,442765221.1773884,1590219646.302111,0.133957501835433,155919498.7744248,286800000.0,45722.40296366776
237,0,1,0,1,1,1,0,0,0,1,2,2412530383.1169677,408075873.4780836,2004454509.6388836,0.30263232833597087,67303324.17311428,340700000.0,72549.30496933724
238,1,10,5,7,2,0,0,0,0,0,2,1708828801.0828953,164171948.27302524,1544656852.8098702,0.15198186485145518,164141048.997788,0.0,30899.275237243965
239,0,3,0,1,5,0,1,0,0,1,2,2402127709.256644,554329266.893676,1847798442.3629675,0.2808150332135207,80371965.02373177,473900000.0,57301.86994431179
240,1,3,0,3,2,0,0,0,0,1,0,2990531662.0205493,364398563.2691413,2626133098.7514076,2.3795194243148496,108298563.26914129,256100000.00000003,0.0
241,10,10,5,5,9,1,1,0,0,1,2,831223531.7886397,770546876.3375503,60676655.45108935,0.009644400577455288,212044408.35339653,558500000.0,2467.984153728416
242,8,10,3,3,1,1,1,0,1,1,2,1292745169.538915,862889666.4069457,429855503.13196903,0.05323851891605477,183168802.4701879,679700000.0,20863.93675774955
243,9,10,1,10,5,1,1,1,1,1,1,1083817207.6385167,909741858.9968911,174075348.64162552,0.07035033449113515,199337575.96580997,710400000.0,4283.031081155448
244,8,2,0,10,2,1,1,1,0,1,3,1848356483.5967185,727962406.5738665,1120394077.022852,0.13565352324170737,138703654.28676033,589200000.0,58752.28710609923
245,0,7,0,1,1,0,1,0,0,1,2,2391878804.318876,562230821.0718876,1829647983.2469878,0.2775717134823954,88271356.24659754,473900000.0,59464.825290129374
246,9,10,1,5,7,1,1,0,0,1,0,1246594157.668973,756553833.3721385,490040324.29683465,0.6914368900531143,198053833.37213853,558500000.0,0.0
247,1,6,3,9,1,0,0,0,0,0,4,1816716406.8170247,145151261.9428486,1671565144.874176,0.13634944246258932,145098272.5523864,0.0,52989.390462204334
248,10,9,0,4,1,0,1,0,0,1,0,1935357253.6166322,641059673.8897544,1294297579.7268777,1.549191992456975,167159673.88975444,473900000.0,0.0
249,1,5,0,4,1,0,0,0,0,0,3,2563519919.3124037,114603112.03479256,2448916807.277611,0.27020667487045463,114523031.60679847,0.0,80080.4279940813
250,7,2,0,2,0,1,1,0,1,1,0,2208762615.359247,780449060.7344997,1428313554.6247473,1.5222320406820358,100749060.73449971,679700000.0,0.0
251,1,2,1,1,1,0,0,1,0,1,1,2478541005.901677,408432759.8523793,2070108246.0492978,0.5313406060051782,121600624.3346917,286800000.0,32135.51768764646
252,9,6,1,2,1,1,1,1,1,1,3,1366202463.1087637,878123495.0762876,488078968.0324761,0.050457614468650824,167694743.83951938,710400000.0,28751.23676822697
253,10,10,5,6,5,1,0,1,0,1,3,817716815.1058131,576140916.4840491,241575898.62176418,0.02367736770310258,204727094.42830437,371400000.0,13822.055744608046
254,1,2,2,10,2,0,0,0,1,0,3,2077119016.0858946,253980394.7882059,1823138621.2976887,0.15556413734158236,132730253.26352316,121200000.0,50141.5246827427
255,1,7,3,5,1,0,0,0,1,1,4,2025397420.3134763,522350941.0243465,1503046479.2891297,0.11908991760567553,145008814.1182323,377300000.0,42126.906114162535
256,1,2,0,2,1,0,0,0,1,1,0,2926143830.9697423,480015666.72677827,2446128164.2429643,2.1132846161800867,102715666.72677824,377300000.0,0.0
257,1,6,0,6,1,0,0,0,1,1,0,2585864047.2255487,497399697.73605204,2088464349.4894972,1.8532901632295253,120099697.73605207,377300000.0,0.0
258,1,1,9,1,1,0,0,1,0,1,0,2411582873.854536,415729737.56198895,1995853136.2925467,1.3111707348991113,128929737.56198892,286800000.0,0.0
259,1,9,0,7,9,0,0,0,0,0,1,2031967703.06126,148670947.92152107,1883296755.139739,0.6564733092554084,148648601.16231757,0.0,22346.75920349967
260,7,2,0,10,2,0,1,0,0,1,1,2191815877.5322533,608184855.6207875,1583631021.9114661,0.641132817491718,134246495.6310205,473900000.0,38359.989766966624
261,1,7,1,8,3,0,0,0,0,1,2,2224551191.6229024,405083964.42824984,1819467227.1946528,0.22868532042028922,148945849.5771145,256100000.00000003,38114.851135285266
262,10,10,4,6,1,1,1,1,0,1,1,1308765433.1400747,785885657.9111161,522879775.2289585,0.14834654807365555,196670328.56006154,589200000.0,15329.35105455797
263,9,6,0,0,1,1,1,0,0,1,2,2067488364.73355,699767024.1159627,1367721340.6175876,0.23896802343593937,141210626.01045516,558500000.0,56398.105507559885
264,9,10,5,10,2,1,1,1,1,1,1,1182013208.1753294,909242896.6907327,272770311.48459685,0.07715814540631162,198834950.64502758,710400000.0,7946.045705062955
265,1,6,0,5,1,0,0,0,1,1,0,2587421855.768635,496468280.7794638,2090953574.9891713,1.8543896557699522,119168280.77946384,377300000.0,0.0
266,6,1,0,1,1,1,1,0,0,1,2,2373694555.4271283,675505000.0491112,1698189555.378017,0.2764377877226055,116934981.22830799,558500000.0,70018.82080329861
267,1,4,0,2,2,0,0,0,0,0,4,2581623498.1719046,110998152.41043472,2470625345.7614694,0.2718488883324032,110904243.99684921,0.0,93908.41358550993
268,9,1,0,6,1,1,0,0,0,0,1,1870728441.376529,219134237.5363932,1651594203.840136,0.6610202929240315,134493796.84125322,84600000.0,40440.695139981326
269,10,10,4,5,1,1,1,0,0,0,2,1047523230.903331,498165318.7937161,549357912.1096148,0.06711714265752133,195738911.60347334,302400000.0,26407.190242765726
270,1,1,7,2,0,0,0,1,1,1,1,2387328028.8286896,510528541.121445,1876799487.707244,0.43971645127237186,102500751.49797614,408000000.0,27789.623468868303
271,7,2,0,2,0,1,1,0,1,1,1,2208798555.715745,780485001.0909977,1428313554.6247473,0.548003534645533,100749060.73449971,679700000.0,35940.35649798537
272,1,2,0,5,1,0,0,0,0,1,1,3083688143.985389,361362752.72091603,2722325391.264474,0.8837043646233436,105217140.32800739,256100000.00000003,45612.39290860409
273,9,10,1,7,1,1,1,0,0,0,0,1406536448.3462977,491648219.3052664,914888229.0410316,1.0194362261489112,189248219.30526635,302400000.0,0.0
274,1,9,0,7,4,0,0,0,0,0,2,2219485978.654057,138621053.738988,2080864924.9150684,0.29709136825829546,138574722.05877188,0.0,46331.6802161234
275,6,4,0,2,1,1,1,0,0,1,4,2130400280.2142801,685931194.2423359,1444469085.9719443,0.19928635634494507,127345367.08841819,558500000.0,85827.15391761494
276,1,1,0,1,0,0,0,1,1,1,0,2607133222.7625165,482707987.499505,2124425235.2630115,1.5768995095064278,74707987.499505,408000000.0,0.0
277,10,10,1,5,1,1,1,1,1,1,1,1345695497.5807357,902697232.6675633,442998264.91317254,0.1414073844829008,192284576.0301339,710400000.0,12656.637429330069
278,10,10,2,5,1,1,1,1,0,1,1,1337370999.2869897,782599085.8280892,554771913.4589002,0.16555980360804262,193383104.56084839,589200000.0,15981.26724093909
279,9,10,0,1,1,0,1,0,0,0,1,1721413235.8915973,382292245.4382196,1339120990.4533777,0.5669677756037751,164459014.79977864,217800000.0,33230.63844094435
280,1,2,0,3,1,0,0,0,1,1,0,2921379421.1581917,480802954.6109268,2440576466.547265,2.1111910205061615,103502954.61092679,377300000.0,0.0
281,1,5,5,2,1,0,0,1,0,1,2,2109833016.0560002,424085608.62483376,1685747407.4311662,0.16401869375415126,137247491.55514753,286800000.0,38117.06968624088
282,10,10,8,6,3,0,1,1,0,0,2,781979743.0269271,453831020.2657949,328148722.76113224,0.03870263067467642,205315534.14265513,248500000.0,15486.12313973369
283,10,5,0,3,1,0,1,0,0,1,0,1997694579.3539531,623941237.3702807,1373753341.9836726,1.6103262305022026,150041237.37028077,473900000.0,0.0
284,10,10,5,9,2,1,0,1,0,1,0,1027909960.8534632,574028995.335494,453880965.51796925,0.3585430250604911,202628995.33549407,371400000.0,0.0
285,9,0,0,5,1,1,1,0,1,1,3,2125617678.8700361,776349626.2594905,1349268052.6105456,0.17689563758991148,96580945.19894953,679700000.0,68681.06054096101
286,1,4,0,3,1,0,0,0,1,1,3,2692122401.000682,487483791.875804,2204638609.124878,0.232473281207652,110115600.97432332,377300000.0,68190.90148067541
287,1,1,0,2,0,0,0,1,1,1,0,2597214544.4348264,483451592.7316608,2113762951.703165,1.5731469960713165,75451592.73166077,408000000.0,0.0
288,10,8,1,4,1,0,1,0,1,0,2,1306850842.4291253,521433423.6523414,785417418.7767837,0.1341738386466695,182400337.78981602,339000000.0,33085.86252543106
289,1,4,0,5,1,0,0,1,1,1,1,2297053095.329191,519853518.6957472,1777199576.6334438,0.4813945133760482,111829786.69140391,408000000.0,23732.004343271245
290,10,9,0,4,2,0,1,0,0,1,0,1879584821.3619254,642635604.7964289,1236949216.5654964,1.5090483597193145,168735604.79642892,473900000.0,0.0
291,10,10,5,2,9,1,1,0,0,1,0,864127465.823364,768042934.7521673,96084531.07119659,0.07803705782904491,209542934.75216737,558500000.0,0.0
292,1,6,0,7,3,0,0,0,0,1,4,2585671857.293399,380490937.13116217,2205180920.162237,0.24842422556914406,124315138.5672898,256100000.00000003,75798.56387233411
293,10,10,4,9,10,0,0,1,0,1,1,537344747.5776149,503956340.18778867,33388407.38982621,0.01386601929054929,217155550.09166953,286800000.0,790.096119127595
294,10,9,1,4,1,0,1,0,0,1,3,1594932728.2831411,660737578.3454157,934195149.9377254,0.12289803836649185,186788236.72982368,473900000.0,49341.61559202687
295,1,5,0,3,1,0,0,0,0,1,1,2817710574.8606706,369828903.723984,2447881671.136687,0.8066238884518492,113689943.99216415,256100000.00000003,38959.731819821616
296,10,2,4,1,3,1,1,0,1,1,3,1475816317.116729,844371620.4313657,631444696.6853633,0.05992101042815692,164637548.24194014,679700000.0,34072.18942559725
297,8,9,0,6,1,1,1,0,0,0,2,1745877337.0348792,461773451.3311048,1284103885.7037745,0.23331731349652157,159321387.9646932,302400000.0,52063.36641163478
298,9,5,0,6,2,0,1,0,0,1,3,1914325449.8021166,623274968.8912542,1291050480.9108622,0.1872046812174675,149310851.39372292,473900000.0,64117.497531323475
299,9,2,0,5,1,0,1,0,0,1,2,2258780786.0787907,610583723.9673316,1648197062.1114593,0.2736657996467864,136616514.14922288,473900000.0,67209.81810878954
300,9,3,0,1,1,0,0,0,0,0,1,1784750407.545083,136631921.84673515,1648118485.6983476,0.653179273308322,136591113.06737798,0.0,40808.779357179264
301,1,2,0,2,1,0,0,0,0,1,3,3116645441.582937,358912174.6983565,2757733266.884581,0.2962170480186357,102715666.72677824,256100000.00000003,96507.97157823852
302,10,9,0,1,6,1,1,1,1,1,1,1225545494.5515969,883914515.4934437,341630979.058153,0.1514493121369062,173506332.46092227,710400000.0,8183.032521439353
303,1,7,0,1,1,0,0,0,0,0,1,2549500325.6463833,119924700.5362144,2429575625.1101694,0.7989506368401523,119885959.30354783,0.0,38741.232666572956
304,10,10,6,5,9,1,1,0,0,0,2,567963992.2579975,515767912.7841154,52196079.4738821,0.0068652935600639516,213365635.63778946,302400000.0,2277.1463259034063
305,7,9,0,7,1,1,1,0,0,0,0,1739505701.5716658,458248375.18439865,1281257326.387267,1.55406653592605,155848375.18439868,302400000.0,0.0
306,8,10,0,10,2,1,1,1,1,1,1,1386353952.971338,880204208.1048186,506149744.8665196,0.20166520645747005,169791233.77070102,710400000.0,12974.33411756508
307,6,1,0,1,1,1,0,0,0,1,4,2155926022.708948,457736467.33093107,1698189555.378017,0.2211502301780844,116934981.22830799,340700000.0,101486.10262313398
308,0,0,0,1,0,1,1,0,0,1,4,2268410887.414895,564713502.0528406,1703697385.3620543,0.22152665074994243,6111949.7568392595,558500000.0,101552.29600128948
309,1,3,0,6,2,0,0,0,0,0,0,2717470284.9824505,110944165.94281009,2606526119.0396404,2.382097355474362,110944165.94281009,0.0,0.0
310,9,2,0,2,1,0,1,0,0,0,1,2044938074.638676,351956843.10921764,1692981231.5294585,0.6669775568617268,134115040.54799373,217800000.0,41802.561223921126
311,4,0,0,5,1,1,1,1,1,1,1,1746411809.8905642,785822689.3546151,960589120.5359491,0.3221098512388191,75397572.63091035,710400000.0,25116.72370463887
312,1,10,5,4,6,0,0,1,0,1,1,1674597572.9751673,455288244.6274769,1219309328.3476903,0.2684650061652624,168479096.45874023,286800000.0,9148.168736641444
313,10,10,6,5,9,1,1,0,1,0,1,666483090.5796155,636966402.4692488,29516688.110366683,0.009564730569366742,213365635.63778946,423600000.0,766.8314593032603
314,9,1,1,9,1,0,0,0,0,0,2,1440982640.4315603,157296882.7170728,1283685757.7144876,0.19530878189066636,157243158.5163572,0.0,53724.200715601226
315,1,2,0,2,1,0,0,0,0,0,0,2869825227.4092507,102715666.72677824,2767109560.6824727,2.483011117591064,102715666.72677824,0.0,0.0
316,9,2,7,2,1,1,1,0,1,1,3,1598838647.1277606,840907494.5950391,757931152.5327216,0.06779451878026892,161164199.3143091,679700000.0,43295.28073005973
317,10,10,3,10,2,1,0,1,0,0,1,796145441.1667553,316633454.8152518,479511986.3515035,0.14390422844894746,201319810.73609632,115300000.0,13644.079155508663
318,1,3,1,4,1,0,0,0,0,0,1,2448723727.996152,127220999.38793713,2321502728.6082144,0.6836806649895749,127184282.81717038,0.0,36716.57076675017
319,3,2,0,1,1,0,1,0,0,1,0,2280683349.2895784,582493793.9115613,1698189555.378017,1.8429185848173701,108593793.91156127,473900000.0,0.0
320,1,3,0,5,6,0,0,0,0,1,3,2646934635.611362,373314137.4140833,2273620498.1972785,0.25421080444394684,117147457.38165392,256100000.00000003,66680.0324293555
321,1,10,0,4,9,0,0,1,0,1,0,1939610708.4221232,437267181.42570174,1502343526.9964213,1.221756699070427,150467181.42570174,286800000.0,0.0
322,1,3,0,6,1,0,0,1,1,1,3,2386731132.5118394,517421884.205075,1869309248.3067641,0.16885598004345784,109368235.03613564,408000000.0,53649.16893937461
323,1,3,9,1,1,0,0,0,0,1,1,2337035039.0440164,391333116.38461596,1945701922.6594,0.4608652621833608,135203549.57808685,256100000.00000003,29566.80652907784
324,8,3,0,9,1,0,1,0,0,0,1,1941879826.4327393,357028250.06488264,1584851576.3678565,0.644215265607683,139189526.2651913,217800000.0,38723.79969133512
325,9,5,0,5,1,0,0,0,0,0,4,1507069342.9735875,146883438.8659915,1360185904.107596,0.19385931922047767,146803503.53046024,0.0,79935.3355312646
326,1,2,4,3,1,0,0,1,1,1,0,2301175596.7493544,534585853.02433544,1766589743.7250185,1.157656804646685,126585853.02433544,408000000.0,0.0
327,7,2,0,1,0,1,1,0,0,1,1,2356737186.92301,658547631.5449924,1698189555.378017,0.6634506905342532,100005455.50234394,558500000.0,42176.04264857516
328,8,10,0,9,3,1,1,1,1,1,1,1311860433.9253452,880699377.7643816,431161056.16096365,0.18161528404196384,170288722.95338437,710400000.0,10654.810997248336
329,8,5,0,5,2,1,1,0,1,1,3,1784631404.6939805,823427634.7696698,961203769.9243109,0.14265700310618282,143680553.0099401,679700000.0,47081.75972967083
330,9,2,1,10,5,0,1,0,1,1,0,1484968864.0323205,763349996.4818692,721618867.5504514,0.7525834802659856,168249996.48186925,595100000.0,0.0
331,1,9,3,6,1,0,0,0,1,1,0,2018917043.5256975,531798671.5519719,1487118371.9737256,0.9798372950235965,154498671.55197188,377300000.0,0.0
332,1,3,0,3,1,0,0,0,0,0,0,2811984142.2528105,106722632.36246683,2705261509.890344,2.4387889435945094,106722632.36246683,0.0,0.0
333,9,10,0,6,10,1,1,0,0,0,1,1284541406.8574986,488416816.3259673,796124590.5315313,0.4252643046841173,185999933.28632498,302400000.0,16883.039642318072
334,0,2,0,3,1,0,1,0,0,1,0,2702967203.508172,545788351.5539765,2157178851.9541955,2.110746455855801,71888351.5539765,473900000.0,0.0
335,8,7,0,6,1,1,1,1,1,1,0,1476253283.8303804,861162947.4875419,615090336.3428385,0.638254509550771,150762947.48754185,710400000.0,0.0
336,1,2,3,3,1,0,0,0,1,1,3,2372782902.1821938,502735933.76838285,1870046968.4138107,0.1516201076962571,125380730.59222636,377300000.0,55203.1761564657
337,10,2,0,9,1,0,0,0,0,0,3,1792403403.023135,145703775.8631492,1646699627.1599855,0.2200450827488142,145620649.49774697,0.0,83126.3654022157
338,8,10,3,9,9,1,1,1,0,1,0,857895860.3143806,793178763.6950915,64717096.61928925,0.07889459380627549,203978763.69509143,589200000.0,0.0
339,1,3,0,6,2,0,0,0,0,1,1,2967864814.8742046,367086214.03422594,2600778600.839978,0.8529753012105131,110944165.94281009,256100000.00000003,42048.091415807765
340,1,6,0,1,1,0,0,0,0,0,1,2569589165.3844976,115962514.50143652,2453626650.8830614,0.8060782671301391,115923201.94607893,0.0,39312.55535759349
341,1,10,2,7,2,0,0,1,0,0,2,1758014944.1966248,191254926.524302,1566760017.6723228,0.1572318953281751,160523304.9214398,30700000.0,31621.60286220741
342,1,2,0,1,1,0,0,0,0,1,2,3130468478.7275124,358150594.19648165,2772317884.5310316,0.37098214000221236,101972061.49462247,256100000.00000003,78532.70185918384
343,8,10,3,9,10,1,1,1,1,1,0,953875762.3706851,916699626.6754646,37176135.695220456,0.05554858770537536,206299626.6754647,710400000.0,0.0
344,8,2,0,6,1,1,0,0,0,0,4,1869140563.941433,217546360.10129708,1651594203.840136,0.22034009764134385,132849049.6786165,84600000.0,97310.42268058006
345,9,4,0,4,1,0,1,0,0,1,3,2038972163.980866,616320117.877249,1422652046.1036167,0.1982940760889584,142348062.41017315,473900000.0,72055.46707576518
346,1,9,1,4,1,0,0,0,0,1,1,2414889474.0113015,406565994.92056173,2008323479.0907397,0.5956005605705319,150436943.35170704,256100000.00000003,29051.568854609708
347,6,10,0,9,1,1,1,1,1,1,3,1469655351.1507285,868807217.3095742,600848133.8411545,0.07521197119542161,158373989.6018145,710400000.0,33227.707759705416
348,1,1,0,2,1,0,1,0,0,1,2,2295152722.6173377,573631000.2168525,1721521722.400485,0.27902331957341286,99661532.46222034,473900000.0,69467.75463224706
349,1,2,0,9,1,0,0,0,0,0,3,2830191016.043203,109363059.7302032,2720827956.3129997,0.29568056457249964,109269356.11963038,0.0,93703.61057282136
350,9,9,4,2,1,1,1,0,0,1,3,1326307886.4315083,742205429.6706073,584102456.7609009,0.05546347992716248,183670277.24747908,558500000.0,35152.423128255854
351,0,2,0,5,0,0,1,0,0,1,2,2657538553.077077,523363822.56332517,2134174730.5137515,0.3152393356474037,49392597.540497534,473900000.0,71225.02282762359
352,9,10,1,9,6,1,1,1,1,1,3,1049905541.0177188,910502301.2986492,139403239.7190695,0.020183009176836283,200095511.5669623,710400000.0,6789.731686973786
353,1,1,0,1,1,0,0,0,0,0,1,2883060309.906832,98965444.26334149,2784094865.643491,0.896005701418138,98917927.23006457,0.0,47517.033276909046
354,7,1,1,3,1,1,1,1,1,1,2,1668139486.6015143,852757401.563309,815382085.0382053,0.099814467021059,142320716.92471915,710400000.0,36684.63858985143
355,1,7,0,2,1,0,0,1,0,1,2,2415985531.310519,407479074.9472788,2008506456.3632407,0.2402139775535336,120629564.5357036,286800000.0,49510.41157519528
356,9,9,4,1,1,1,1,1,1,1,2,1310348156.8916674,893347538.8350579,417000618.05660945,0.0469496688077644,182926672.0153233,710400000.0,20866.819734604902
357,8,10,0,5,9,1,1,0,0,1,1,1541828653.5589156,736566037.8850975,805262615.6738179,0.42476934965995483,178048771.92216888,558500000.0,17265.96292867742
358,5,9,1,10,1,0,1,0,0,1,0,1557826031.2752805,644439394.1279467,913386637.1473337,1.0153077293329462,170539394.1279467,473900000.0,0.0
359,9,9,3,8,2,0,1,1,0,1,2,1176119653.802998,694120265.2753601,481999388.52763796,0.060241786269798585,189497512.96759373,504600000.0,22752.307766397385
360,10,1,4,2,1,1,1,0,1,1,3,1629309783.7516115,838840292.9459034,790469490.8057077,0.07414425199737722,159095724.2537456,679700000.0,44568.69215789926
361,8,10,1,7,5,1,1,0,0,1,0,1387538011.0472908,749844166.7125913,637693844.3346997,0.8096989283428201,191344166.7125913,558500000.0,0.0
362,1,1,0,10,1,0,0,0,1,1,4,2903624369.756397,484765239.3463033,2418859130.4100933,0.25227711593814994,107373096.7215071,377300000.0,92142.62479619066
363,1,1,1,1,2,0,0,0,0,0,1,2483892719.1902523,120160086.15364051,2363732633.0366116,0.6901598219237367,120122420.97680825,0.0,37665.17683225899
364,1,2,0,6,1,0,0,1,1,1,3,2484816096.8243904,514207528.5405708,1970608568.2838197,0.17759722558038274,106148557.28459561,408000000.0,58971.2559751716
365,10,2,0,3,1,1,0,0,0,0,2,1917504878.3017838,224523646.77232528,1692981231.5294585,0.2779073153590529,139854247.98904338,84600000.0,69398.78328190031
366,8,3,0,2,1,1,1,1,0,1,3,1839113892.607548,721896009.21768,1117217883.3898683,0.1335366135303255,132635836.87233916,589200000.0,60172.34534081876
367,1,10,3,9,1,0,0,1,0,0,1,1804191842.983776,192955399.41860068,1611236443.5651755,0.38531169996460235,162234711.5848706,30700000.0,20687.833730073813
368,10,9,0,1,1,0,0,0,0,1,1,1751628026.2698655,420928789.02821,1330699237.2416553,0.5623919500018733,164795693.15881577,256100000.00000003,33095.86939419032
369,1,0,0,3,1,0,0,0,1,1,2,2881408594.3879733,440832127.84070855,2440576466.547265,0.31667865307592424,63467385.66065343,377300000.0,64742.180055137294
370,1,6,1,6,6,0,0,0,0,1,0,2047086427.8470683,404538899.87822783,1642547527.9688406,1.3868127403029245,148438899.8782278,256100000.00000003,0.0
371,1,2,0,10,3,0,0,0,0,1,3,2903306263.9312577,369840294.7219077,2533465969.2093506,0.27826514165214156,113658525.94185741,256100000.00000003,81768.78005019683
372,1,9,4,6,1,0,0,0,0,0,3,1776548871.1516955,155746943.82401955,1620801927.3276758,0.1293759560656062,155703793.98408097,0.0,43149.83993857405
373,1,3,0,8,2,0,0,0,0,1,0,2965601931.21067,369067702.63054204,2596534228.5801277,2.3673296976091813,112967702.63054198,256100000.00000003,0.0
374,1,10,7,7,1,0,0,1,1,1,0,2012236275.6602511,573269441.4102969,1438966834.249954,0.9058356542723994,165269441.41029698,408000000.0,0.0
375,1,2,0,5,1,0,0,0,0,1,3,3083736607.1528544,361411215.8883814,2722325391.264474,0.29456812154111456,105217140.32800739,256100000.00000003,94075.56037399593
376,10,10,3,9,10,0,1,1,0,1,0,772732357.4078865,720550427.6595604,52181929.74832602,0.06854065284077024,215950427.65956044,504600000.0,0.0
377,9,3,0,4,2,1,1,0,0,1,1,2241659950.566589,699068466.6568596,1542591483.909729,0.6283961673925734,140531024.7049911,558500000.0,37441.95186856705
378,1,2,0,5,1,0,0,0,0,0,2,2837055184.890012,105293110.06117128,2731762074.8288407,0.37035799910762646,105217140.32800739,0.0,75969.73316389624
379,0,2,0,6,1,0,1,0,0,1,0,2680258308.2704115,548433954.2276453,2131824354.0427666,2.1006028682368214,74533954.22764532,473900000.0,0.0
380,8,10,0,7,6,1,1,0,0,1,1,1617611044.7878575,732150882.3138591,885460162.4739984,0.4487057623202324,173631414.340109,558500000.0,19467.97375006074
381,1,2,0,2,0,0,0,0,0,1,0,3092338993.8807993,334605726.9962187,2757733266.884581,2.4684754001552975,78505726.99621867,256100000.00000003,0.0
382,1,9,1,1,1,0,0,0,0,1,0,2448898099.226286,404172962.6207684,2044725136.6055174,1.6674538702441508,148072962.6207684,256100000.00000003,0.0
383,9,10,2,1,10,1,1,1,1,1,0,988057981.9550729,912950528.8671355,75107453.08793733,0.07027641783599112,202550528.86713555,710400000.0,0.0
384,1,1,0,3,0,0,0,0,1,1,3,2950513385.878135,453623199.7960724,2496890186.0820627,0.2580520952246587,76238880.61580932,377300000.0,84319.18026311956
385,1,3,0,1,1,0,0,0,0,1,2,3071837482.818309,361367649.0794062,2710469833.7389026,0.36434881390272916,105191739.2461625,256100000.00000003,75909.83324364267
386,10,10,1,9,5,1,1,1,0,1,1,1158343001.295771,792340840.0605453,366002161.23522526,0.1414443259856477,203131620.65627646,589200000.0,9219.40426889354
387,10,10,4,9,10,0,0,1,1,1,0,643666554.0912288,625155550.0916696,18511003.99955934,0.02589731160836512,217155550.09166953,408000000.0,0.0
388,1,10,0,10,9,0,0,1,0,1,0,1924893384.3922353,443358370.1862056,1481535014.2060297,1.2129141086826076,156558370.18620563,286800000.0,0.0
389,9,10,10,2,2,1,1,1,1,1,2,1205245499.9259956,908790185.2225266,296455314.7034691,0.032916605481062323,198375626.11883968,710400000.0,14559.103686865032
390,8,10,0,1,3,1,1,0,0,1,0,1867193692.6527832,721491428.3283764,1145702264.3244066,1.4267324011084421,162991428.32837644,558500000.0,0.0
391,1,7,0,1,1,0,0,0,0,0,3,2549541488.2060914,119965863.09592263,2429575625.1101694,0.2663168789467174,119885959.30354783,0.0,79903.79237480671
392,1,8,1,0,1,0,0,1,0,1,0,2203302264.059456,424373113.92392147,1778929150.1355343,1.2549879795391037,137573113.9239215,286800000.0,0.0
393,0,1,0,1,0,1,1,0,0,1,2,2305360834.294545,601663448.9324907,1703697385.3620543,0.2769083134374281,43093384.44255472,558500000.0,70064.48993595457
394,1,2,0,4,2,0,0,1,1,1,2,2396128795.6069536,513954568.53485554,1882174227.0720983,0.21240183565082574,105911973.13223556,408000000.0,42595.40261998889
395,1,10,3,2,1,0,0,0,0,1,0,2077733337.0043914,411781022.1920185,1665952314.8123727,1.1071618919397925,155681022.19201848,256100000.00000003,0.0
396,1,2,0,1,1,0,0,0,0,1,1,3130437250.429597,358119365.8985659,2772317884.5310316,0.8903571360053095,101972061.49462247,256100000.00000003,47304.40394341426
397,9,6,0,6,1,0,1,0,0,1,1,1940809746.6765804,625431275.796536,1315378470.8800445,0.5665131118757754,151499071.55726755,473900000.0,32204.23926836548
398,9,2,0,6,1,1,1,0,0,1,2,2341961701.530679,696115015.8902048,1645846685.6404743,0.273516894234906,137547931.1058111,558500000.0,67084.7843936111
399,10,10,10,9,2,0,1,1,1,1,2,1104880595.354417,835694314.4838185,269186280.8705985,0.03127030797673666,209881235.06859294,625800000.0,13079.415225655757
400,1,6,0,1,1,0,0,1,1,1,0,2259179902.9728646,523923201.9460789,1735256701.0267856,1.290613147898205,115923201.94607893,408000000.0,0.0
401,1,3,0,4,1,0,0,0,1,1,3,2744551739.0739284,484926484.6197264,2259625254.454202,0.23808041785655257,107555719.97710115,377300000.0,70764.64262524371
402,9,5,0,6,4,1,1,0,0,1,2,1785123384.3829668,711245270.9359365,1073878113.4470305,0.2094644320222646,152704601.09970272,558500000.0,40669.83623368964
403,0,5,0,6,1,0,1,0,1,1,1,2219239850.2478595,679849248.4462949,1539390601.8015642,0.5513223855342708,84720943.6088827,595100000.0,28304.837412267
404,9,9,1,8,5,0,0,0,0,1,3,1088086514.4049122,448597679.57501554,639488834.8298968,0.09742635959687523,192467197.75420848,256100000.00000003,30481.820807012497
405,9,6,0,6,1,0,1,0,0,1,2,1940831006.50641,625452535.6263654,1315378470.8800445,0.23604712994823981,151499071.55726755,473900000.0,53464.06909787237
406,1,5,1,3,1,0,0,0,0,0,1,2239997932.3102775,133350082.64153379,2106647849.6687436,0.6221150358981257,133318506.83223338,0.0,31575.809300411187
407,9,5,0,5,1,1,0,0,0,1,3,1838320934.41451,487571713.8712816,1350749220.5432286,0.1921410414754911,146803503.53046024,340700000.0,68210.34082137886
408,1,4,0,5,1,0,0,0,0,0,1,2604495775.397936,111869552.32871702,2492626223.069219,0.8249735683082878,111829786.69140391,0.0,39765.63731311976
409,1,2,0,10,1,0,0,0,0,1,3,3081728577.443278,366620863.2174163,2715107714.225862,0.29416365691611074,110427230.986065,256100000.00000003,93632.23135123156
410,9,10,0,6,2,1,1,0,0,1,3,1946424734.9661548,728771958.524161,1217652776.4419937,0.17995245267830334,170211441.49642625,558500000.0,60517.027734763346
411,1,7,0,5,1,0,0,0,0,1,0,2747037188.8680844,379231038.1369328,2367806150.731152,2.185136944570439,123131038.13693275,256100000.00000003,0.0
412,9,3,0,7,1,1,1,1,1,1,3,1646281490.1209946,852194761.5693313,794086728.5516632,0.09315674844719156,141751754.73279646,710400000.0,43006.83653490531
413,9,10,7,9,1,1,1,1,0,1,1,1292668531.1758664,788020404.9776492,504648126.19821703,0.13964749647450136,198805468.19110194,589200000.0,14936.786547360189
414,10,10,4,9,3,1,0,1,0,0,0,661426261.8656689,318322422.3508887,343103839.5147801,0.2877866490373732,203022422.35088876,115300000.0,0.0
415,9,10,1,3,1,0,0,0,0,1,3,1382021504.6250906,441768296.8994387,940253207.725652,0.122981918392755,185618470.7561522,256100000.00000003,49826.1432863981
416,10,3,0,2,2,0,1,0,0,1,1,2182209266.9365993,617800743.1585432,1564408523.7780566,0.6313730081605333,143862568.76310933,473900000.0,38174.39543395811
417,9,9,0,6,3,0,1,0,1,1,2,1576215176.7348528,762382713.4608781,813832463.2739747,0.16124283145274346,167251564.3476802,595100000.0,31149.11319789081
418,1,6,1,6,1,0,0,0,1,1,0,2246766341.277071,517028260.57612133,1729738080.7009497,1.3291240246678202,139728260.5761213,377300000.0,0.0
419,9,10,1,3,7,1,1,0,1,1,0,1190570386.9707801,876039647.6550579,314530739.3157222,0.433571574399991,196339647.65505794,679700000.0,0.0
420,0,1,0,1,0,0,1,0,0,1,0,2701160608.222864,516993384.4425547,2184167223.780309,2.120075491488152,43093384.44255472,473900000.0,0.0
421,9,3,0,7,1,1,1,1,0,1,0,1807727251.1772618,730951754.7327964,1076775496.4444656,1.0968176481178005,141751754.73279646,589200000.0,0.0
422,1,8,0,1,1,0,0,0,0,0,0,2543744897.9087124,124056500.84069154,2419688397.0680213,2.2108934940350817,124056500.84069154,0.0,0.0
423,10,10,2,8,2,0,0,1,0,1,2,975565823.2010653,484737021.6343822,490828801.56668323,0.06250588031781827,197913989.11184296,286800000.0,23032.52253919302
424,10,9,1,9,1,0,1,0,1,0,1,1294901771.7993493,530740836.2507149,764160935.5486345,0.31816878288439077,191721550.62389293,339000000.0,19285.626822013728
425,1,2,0,4,1,0,0,0,0,1,2,3096428734.8769617,360512507.8607088,2735916227.016254,0.3690309597033114,104336042.22556111,256100000.00000003,76465.63514765771
426,1,4,1,10,2,0,0,0,0,0,0,2199326478.1434274,138244371.0962052,2061082107.0472221,1.7146135178167816,138244371.0962052,0.0,0.0
427,1,2,0,10,1,0,0,0,1,1,1,2906624654.4350348,487765524.0249414,2418859130.4100933,0.7568313478144497,110427230.986065,377300000.0,38293.03887633897
428,1,1,0,6,0,0,0,0,1,1,0,2933405359.088162,456184483.2894781,2477220875.7986836,2.1425696089388744,78884483.28947814,377300000.0,0.0
429,1,4,0,9,1,0,0,0,0,0,0,2597574107.0364046,115882002.4830269,2481692104.5533776,2.2865446226874537,115882002.4830269,0.0,0.0
430,0,2,0,4,1,0,1,0,1,1,4,2506928228.623034,667907685.346956,1839020543.2760775,0.21033700593543006,72721439.16861083,595100000.0,86246.17834520148
431,2,2,0,5,0,1,1,0,0,1,4,2291020994.164505,642823932.0530453,1648197062.1114593,0.21893263971742913,84226517.3519746,558500000.0,97414.701070622
432,10,10,6,5,3,1,1,1,0,1,1,1122316262.2193801,790762795.4575797,331553466.7618004,0.09395531933863768,201553370.87738195,589200000.0,9424.58019781115
433,0,1,0,1,0,1,1,0,0,1,1,2305332973.356194,601635587.9941397,1703697385.3620543,0.6645799522498274,43093384.44255472,558500000.0,42203.55158495146
434,1,9,4,8,1,0,0,0,0,1,0,2030055492.2347853,413827330.6718129,1616228161.562972,1.0757114521118314,157727330.67181283,256100000.00000003,0.0
435,1,4,3,6,1,0,0,0,1,1,1,2126398963.4307323,511959162.72268724,1614439800.708045,0.38942017287352804,134638979.62929168,377300000.0,20183.093395582146
436,9,3,0,10,3,0,1,0,0,0,3,1769107635.360891,366145568.90882206,1402962066.452069,0.19882346718557822,148277577.51461294,217800000.0,67991.39420916623
437,1,2,0,9,2,0,0,0,0,0,1,2774368403.137093,110888809.98547408,2663479593.1516185,0.8725899859319411,110845287.02630484,0.0,43522.9591692432
438,1,8,0,8,1,0,0,1,0,1,0,2378371135.049657,417056533.31839657,1961314601.7312603,1.5802588900720163,130256533.31839655,286800000.0,0.0
439,9,3,1,7,1,0,1,1,1,1,1,1418897188.6457198,787197580.3755053,631699608.2702146,0.1944797058118697,161380317.57286566,625800000.0,17262.802639551817
440,1,1,0,0,1,0,1,0,0,1,3,2302899678.351,566793338.3040648,1736106340.0469356,0.22378731964186438,92805977.47322531,473900000.0,87360.83083935094
441,1,2,3,6,1,0,0,0,1,1,1,2355730109.8770337,505352451.7466018,1850377658.130432,0.45202909663279023,128026333.26589517,377300000.0,26118.48070661295
442,0,2,0,1,0,1,0,0,0,1,1,2391345728.633225,386891218.9943412,2004454509.6388836,0.72631758800633,46147518.70711261,340700000.0,43700.28722858902
443,1,2,3,2,1,0,0,1,1,1,0,2323400015.824457,532593442.7080778,1790806573.1163788,1.189401676417621,124593442.7080778,408000000.0,0.0
444,9,10,1,10,1,0,1,0,0,0,0,1322935193.9094026,410342747.13129044,912592446.7781122,1.018222994264589,192542747.1312904,217800000.0,0.0
445,9,7,0,1,2,1,1,0,0,1,0,1997683215.714752,711361264.0314378,1286321951.683314,1.5331775504741938,152861264.03143778,558500000.0,0.0
446,0,3,0,6,1,0,1,0,0,1,0,2621629935.2298226,551653631.9791853,2069976303.2506375,2.056380694240267,77753631.97918536,473900000.0,0.0
447,1,10,3,8,1,0,0,1,0,0,1,1804010839.886574,191858161.4754657,1612152678.411108,0.38548761125356434,161137449.43756774,30700000.0,20712.037897955754
448,9,10,9,6,2,0,1,1,1,1,1,1097265494.8850582,826031188.160667,271234306.7243911,0.07541493225595527,200223251.8283506,625800000.0,7936.332316418215
449,10,10,5,6,10,0,1,1,0,0,3,496563635.15126926,463798386.8195521,32765248.331717107,0.0038128789251216854,215296688.290358,248500000.0,1698.529194092827
450,1,7,0,3,1,0,0,1,0,1,2,2404368368.312571,408265666.12899345,1996102702.183577,0.2395254521875987,121416852.41985215,286800000.0,48813.709141323816
451,6,3,1,9,1,1,1,1,1,1,3,1491315973.9102414,860570200.8917328,630745773.0185084,0.06476825400594166,150134650.70948306,710400000.0,35550.18224978846
452,1,8,0,4,1,0,0,0,0,0,2,2508440470.919857,126482290.64948517,2381958180.270372,0.32954615657152897,126420481.57163018,0.0,61809.07785499417
453,6,2,0,0,1,0,1,0,1,1,0,2103343077.254792,708977165.7360266,1394365911.5187652,1.490094623824096,113877165.73602663,595100000.0,0.0
454,1,8,5,9,3,0,0,0,0,1,1,1839518324.037919,415044783.6267671,1424473540.4111521,0.33308859311685385,158929925.8686238,256100000.00000003,14857.758143236764
455,10,9,2,6,5,1,1,0,0,1,2,1138337546.5347977,755009873.0625389,383327673.4722589,0.06277371826031408,196494109.1540922,558500000.0,15763.90844669043
456,10,3,0,9,2,0,0,0,0,1,0,1928299229.2752988,406516258.1559615,1521782971.1193376,1.7367023190359958,150416258.15596148,256100000.00000003,0.0
457,9,10,2,9,1,1,1,1,0,1,3,1329270155.2505205,781715918.8302319,547554236.4202884,0.05478213657767707,192483400.79557028,589200000.0,32518.034661672504
458,6,1,0,1,1,0,1,0,0,0,1,2044743906.3907666,334777369.90029,1709966536.4904766,0.6690992559470816,116934981.22830799,217800000.0,42388.67198206994
459,1,2,3,2,1,0,0,1,1,1,1,2323424960.958546,532618387.84216684,1790806573.1163788,0.4281846035103436,124593442.7080778,408000000.0,24945.13408904058
460,0,7,0,3,0,0,0,0,1,1,2,2590015537.6290565,442945755.8879701,2147069781.7410865,0.2829171352265245,65592309.632342294,377300000.0,53446.25562778309
461,9,10,1,6,4,0,1,0,0,1,0,1307511733.2314854,667133754.0424752,640377979.18901,0.8109526362525197,193233754.04247528,473900000.0,0.0
462,6,10,0,9,1,0,1,0,0,1,2,1902459477.842773,632325638.8070245,1270133839.0357485,0.23060543538915396,158373989.6018145,473900000.0,51649.20520998695
463,10,10,1,8,5,0,0,0,0,0,2,841294525.7369148,202058809.83880648,639235715.8981082,0.12226433037447061,202034358.50897357,0.0,24451.329832897485
464,1,3,0,2,1,0,0,0,1,1,0,2761817559.148685,483235344.4783183,2278582214.670367,1.9913409403295108,105935344.47831827,377300000.0,0.0
465,9,10,2,10,10,0,0,0,0,0,1,402816137.91744924,211009606.53636643,191806531.38108286,0.10357625554277984,211005698.3585781,0.0,3908.1777883496834
466,1,2,0,1,1,0,0,0,0,0,0,2886066927.138113,101972061.49462247,2784094865.643491,2.488904726161494,101972061.49462247,0.0,0.0
467,1,2,0,7,1,0,0,1,0,1,0,2647986638.2106047,393932703.1600409,2254053935.050564,1.8020094695020634,107132703.16004093,286800000.0,0.0
468,10,10,7,10,5,0,1,1,1,0,1,680911872.4941964,581412867.5670433,99499004.92715311,0.028724406707538036,211710091.4489572,369700000.0,2776.1180861559064
469,1,2,3,7,1,0,0,0,0,1,3,2381528100.7649746,385172626.8609059,1996355473.904069,0.1649847580576878,129010479.1413405,256100000.00000003,62147.71956541255
470,10,2,0,3,1,0,1,0,0,1,0,2284955431.540947,613754247.9890434,1671201183.5519032,1.8335895491850194,139854247.98904338,473900000.0,0.0
471,9,9,1,9,2,1,1,0,0,0,1,1349614010.053028,490766933.6362835,858847076.4167446,0.35323062821966156,188345561.97366628,302400000.0,21371.662617190905
472,0,5,0,0,1,0,1,0,0,1,1,2435089062.535954,548369680.3238751,1886719382.2120786,0.6828523822099205,74432498.0620703,473900000.0,37182.261804869806
473,1,2,1,1,1,1,1,1,1,1,1,1601998109.2548234,832021698.8665429,769976410.3882806,0.22583051747562133,121600624.3346917,710400000.0,21074.531851138127
474,9,10,1,10,2,0,0,0,0,0,1,1049384049.1581882,194139965.5414574,855244083.6167309,0.35210857014969416,194118678.03796488,0.0,21287.503492545802
475,1,2,0,0,1,0,1,0,0,1,0,2305866451.7847185,569760111.7377832,1736106340.0469356,1.8648943303488699,95860111.73778321,473900000.0,0.0
476,0,2,0,1,0,1,1,1,1,1,1,1750759174.317577,756574094.1290125,994185080.1885644,0.32607783701265836,46147518.70711261,710400000.0,26575.421899889116
477,10,10,5,6,10,1,1,1,1,1,3,936564968.4786805,925697237.1650715,10867731.3136091,0.0013495392546543233,215296688.290358,710400000.0,548.8747133679301
478,8,8,0,6,1,1,1,0,0,1,3,1994938469.356178,713498252.2911737,1281440217.0650043,0.18545216753275529,154933489.02468556,558500000.0,64763.26648805689
479,9,1,7,5,1,1,1,0,1,1,1,1575531144.291424,840331774.2381064,735199370.0533178,0.20019445275676612,160611538.65098035,679700000.0,20235.587125997103
480,1,1,1,2,1,0,0,0,0,1,0,2773020932.397718,375390095.3022896,2397630837.095429,1.9434337274190878,119290095.30228958,256100000.00000003,0.0
481,0,6,0,1,2,0,1,0,0,1,3,2356206292.8006616,559855646.9421628,1796350645.8584986,0.21961601162072594,85884529.7958031,473900000.0,71117.14635970979
482,1,7,0,0,1,0,0,1,0,1,1,2423695418.9585786,400604344.94888765,2023091074.0096912,0.578219538077883,113774009.54670857,286800000.0,30335.402179081128
483,9,9,1,6,10,1,0,0,0,0,1,722088222.053227,285622273.06645644,436465948.98677045,0.2349428727862005,201013254.92853022,84600000.0,9018.137926230473
484,1,0,0,0,1,0,0,0,0,0,0,2846154741.4144354,55824542.78750984,2790330198.6269255,2.4904995505793273,55824542.78750984,0.0,0.0
485,10,10,7,4,5,0,1,0,0,0,0,681404104.0516021,423418902.6884533,257985201.36314875,0.19819380464837436,205618902.68845335,217800000.0,0.0
486,7,10,0,5,1,1,1,1,0,1,1,1634484544.0184455,747771281.5262761,886713262.4921694,0.34085311667871987,158548053.5502291,589200000.0,23227.976047078777
487,1,2,0,5,2,0,0,0,0,1,2,3027942653.6418695,362965625.5387771,2664977028.1030927,0.3621886070157442,106793071.23468184,256100000.00000003,72554.30409524421
488,9,1,0,1,1,1,0,0,0,1,3,2169293844.51726,471104289.13924277,1698189555.378017,0.2211502301780844,130317301.05128008,340700000.0,86988.08796268626
489,3,2,0,3,1,1,1,1,1,1,4,1736732252.2326372,820582702.8184532,916149549.4141839,0.10290548590869103,110124687.02786559,710400000.0,58015.790587582844
490,1,3,1,9,2,0,0,0,0,1,0,2625602398.1011143,389793527.61791414,2235808870.4831996,1.8419563281638314,133693527.61791411,256100000.00000003,0.0
491,9,7,1,4,1,1,0,0,0,1,0,1461144104.2365367,513977876.6957712,947166227.5407654,1.035271641816305,173277876.69577122,340700000.0,0.0
492,9,2,6,1,1,1,1,0,1,1,1,1611001798.6202993,838758923.9049115,772242874.7153877,0.20691221274362812,159037498.0473628,679700000.0,21425.857548696105
493,9,1,7,6,1,1,1,1,1,1,0,1593079386.6479228,871942955.6075685,721136431.040354,0.5419376850304537,161542955.60756856,710400000.0,0.0
494,1,3,0,3,2,0,0,0,1,1,0,2663930691.269174,485598563.2691413,2178332128.0000324,1.9226620470756,108298563.26914129,377300000.0,0.0
495,1,6,0,3,1,0,0,0,1,1,2,2602938758.3340383,494805098.5611624,2108133659.772876,0.279173202174421,117454095.06238325,377300000.0,51003.49877915799
496,0,7,0,1,1,0,1,0,0,1,0,2391819339.4935856,562171356.2465975,1829647983.2469878,1.8504780898826358,88271356.24659754,473900000.0,0.0
497,0,3,0,6,1,0,1,0,1,1,1,2338095576.847002,672885030.9064357,1665210545.9405665,0.5861678585504545,77753631.97918536,595100000.0,31398.927250381676
498,10,10,5,9,3,0,0,1,0,1,2,820687397.0500487,491099813.38720965,329587583.6628391,0.03992985458976125,204284359.38461202,286800000.0,15454.002597616845
499,1,3,0,3,1,0,0,0,0,1,1,3046348886.4656663,362867424.5528773,2683481461.912789,0.8710787005389036,106722632.36246683,256100000.00000003,44792.19041045163
500,9,2,9,5,2,1,1,1,1,1,1,1445927176.1535,878619564.493577,567307611.6599231,0.15569387414254876,168204255.3878217,710400000.0,15309.105755291625
501,1,3,2,1,1,0,0,0,0,1,3,2472047505.6841187,382085635.35185695,2089961870.332262,0.18102112871481152,125918830.61694622,256100000.00000003,66804.73491070495
502,7,2,0,10,0,1,1,0,1,1,2,2189263332.7046695,788218811.9127926,1401044520.7918768,0.22668850859797976,108460624.99378647,679700000.0,58186.91900614923
503,1,3,0,9,1,0,0,1,1,1,0,2387750256.324142,520489033.8711704,1867261222.4529715,1.4061159639405174,112489033.87117042,408000000.0,0.0
504,10,10,3,3,2,1,0,1,0,0,1,835752039.2281117,309710683.6078592,526041355.62025255,0.15079585532327233,194395534.36095813,115300000.0,15149.246901108336
505,1,2,2,7,1,0,0,1,1,1,0,2300351169.066039,535859794.53082466,1764491374.5352144,1.178912314705574,127859794.53082465,408000000.0,0.0
506,10,10,7,4,5,1,1,1,1,1,1,1023833016.6700693,916021938.1262101,107811078.54385918,0.03003403576895345,205618902.68845335,710400000.0,3035.437756820541
507,9,3,0,9,3,1,1,1,1,1,1,1480980888.124072,857535072.5043057,623445815.6197662,0.23527467200322896,147119702.64817834,710400000.0,15369.856127387833
508,9,2,0,9,2,1,0,0,0,1,0,2066575682.7589867,482944660.84752035,1583631021.9114661,1.7809244930325503,142244660.84752032,340700000.0,0.0
509,0,3,0,4,1,0,1,0,0,1,0,2635758632.3935533,549841116.9201509,2085917515.4734025,2.0628454488322574,75941116.92015086,473900000.0,0.0
510,1,4,0,7,1,0,0,0,0,0,2,2597551034.352173,113810912.43515192,2483740121.917021,0.3431431289111661,113745349.52343746,0.0,65562.91171446568
511,1,2,0,1,1,0,0,0,0,1,3,3130487511.3587866,358169626.82775575,2772317884.5310316,0.29678571200176984,101972061.49462247,256100000.00000003,97565.33313329192
512,0,0,0,2,1,0,1,0,0,1,1,2674592182.8062854,505009576.6724271,2169582606.1338587,0.761521184986332,31065494.719554596,473900000.0,44081.95287248582
513,1,8,2,4,1,0,0,1,0,1,0,2083506410.123021,433947572.9424139,1649558837.1806068,1.1018439141099254,147147572.9424139,286800000.0,0.0
514,9,5,0,7,1,1,0,0,0,0,1,1584651815.5729833,233352012.61758527,1351299802.955398,0.5801478987399439,148719066.36249378,84600000.0,32946.25509148669
515,1,2,0,2,0,1,1,0,1,1,2,2186578948.228433,758265393.6036861,1428313554.6247473,0.22833480610230542,78505726.99621867,679700000.0,59666.60746735851
516,10,10,7,4,5,1,1,0,0,1,1,1017133122.5663465,764126044.0164667,253007078.5498797,0.07052838234702602,205618902.68845335,558500000.0,7141.328013416949
517,10,10,7,1,1,0,1,1,1,1,2,1224096454.07717,822280466.8392196,401815987.2379503,0.04346727713332684,196460093.1229951,625800000.0,20373.716224398395
518,1,9,0,7,6,0,0,0,0,0,3,2110895446.027375,142366632.76215997,1968528813.2652152,0.22707280991723025,142315680.74822414,0.0,50952.013935836214
519,9,2,0,5,1,1,1,0,1,1,2,2165639849.810394,816371797.1998477,1349268052.6105456,0.22111954698738936,136616514.14922288,679700000.0,55283.05062482657
520,0,2,0,4,2,0,1,0,0,1,2,2638683370.743177,548266167.6390265,2090417203.1041503,0.3100385985136727,74297370.07528529,473900000.0,68797.56374117598
521,9,3,0,7,2,1,0,0,0,0,0,1757478916.2095892,227927685.6394709,1529551230.5701184,1.75041945289289,143327685.6394709,84600000.0,0.0
522,8,3,0,10,2,0,0,0,0,1,3,1919882162.1079934,398099190.9886559,1521782971.1193376,0.20840427828431948,141923332.03830037,256100000.00000003,75858.95035553165
523,10,10,9,5,2,1,1,1,1,0,2,933958106.6042575,658557138.7994355,275400967.8048219,0.0317097346125113,204243754.4286635,454300000.0,13384.37077196678
524,6,9,0,0,1,1,1,0,1,1,3,1851209429.8251605,820102804.4631015,1031106625.362059,0.14571546471745972,140349504.02210334,679700000.0,53300.44099825446
525,5,10,0,3,1,0,1,0,1,1,2,1744127969.1180925,743742967.8526691,1000385001.2654234,0.1803920373716576,148601796.11060327,595100000.0,41171.74206573168
526,10,10,5,1,2,1,1,1,1,1,2,1216448609.2006178,905746980.3233038,310701628.87731373,0.03435840177222221,195331700.71048614,710400000.0,15279.612817677458
527,1,5,0,4,1,0,0,0,1,1,0,2625628341.921998,491823031.60679847,2133805310.3151999,1.8872105015374274,114523031.60679847,377300000.0,0.0
528,1,6,0,1,1,0,0,0,0,1,1,2813911971.6427045,372062301.87210304,2441849669.7706017,0.8004297017173106,115923201.94607893,256100000.00000003,39099.926024098706
529,0,2,0,7,2,0,1,0,0,1,2,2622853684.9473677,551061828.9202926,2071791856.0270748,0.3088808291384192,77094031.00976509,473900000.0,67797.91052752276
530,9,6,0,1,2,1,1,0,0,1,0,2017771484.1301749,707398506.6739689,1310372977.4562063,1.552976523501935,148898506.67396888,558500000.0,0.0
531,10,9,0,3,6,0,0,0,0,0,3,1113714649.6210382,175080578.50300798,938634071.1180304,0.15358894922553448,175037225.5772266,0.0,43352.92578136518
532,1,2,0,0,1,0,0,0,0,1,4,3124391822.490803,352073937.9597721,2772317884.5310316,0.29678571200176984,95860111.73778321,256100000.00000003,113826.22198884058
533,0,1,0,1,1,1,1,0,1,1,4,2135256167.7838569,747086219.1500232,1388169948.6338334,0.1787853943019964,67303324.17311428,679700000.0,82894.97690892432
534,6,10,0,9,2,1,1,0,0,1,1,1931264598.339082,718479122.4647148,1212785475.8743672,0.5390013371484115,159949920.50848895,558500000.0,29201.956225841026
535,0,3,0,4,3,0,1,0,0,1,1,2457384199.9731283,553108429.5162371,1904275770.4568913,0.6949288157877049,79172411.87594327,473900000.0,36017.640293823606
536,9,9,3,9,1,1,1,0,0,1,2,1300098841.7992058,747545180.8978294,552553660.9013765,0.06941016755442529,189018844.20822215,558500000.0,26336.689607225875
537,7,8,1,4,6,0,1,0,1,1,0,1107705631.9006305,772103017.4520869,335602614.4485436,0.45634745529410004,177003017.45208696,595100000.0,0.0
538,1,10,3,4,1,0,0,0,0,1,0,2057536672.634847,413401397.6908014,1644135274.944045,1.0988928898065706,157301397.69080135,256100000.00000003,0.0
539,0,2,0,6,1,0,1,0,0,1,3,2680346639.551003,548522285.5082368,2131824354.0427666,0.25207234418841856,74533954.22764532,473900000.0,88331.28059146127
540,10,3,6,7,1,1,1,1,1,1,2,1439919158.8156323,882795894.2598901,557123264.5557421,0.06368907417844692,172369737.0212224,710400000.0,26157.23866771374
541,8,3,0,1,1,0,1,0,0,1,2,2242201132.178259,605859627.5923712,1636341504.5858884,0.2698044616231224,131892231.64018339,473900000.0,67395.95218775744
542,1,2,0,1,0,0,0,0,0,0,3,2861954991.288687,77860125.64519653,2784094865.643491,0.2986685671393793,77762121.7640629,0.0,98003.8811336249
543,0,0,0,1,1,0,1,0,1,1,0,2494061676.539487,625421889.4873989,1868639787.0520883,1.7638983544219344,30321889.48739883,595100000.0,0.0
544,1,10,1,7,1,0,0,1,1,0,0,1837061479.3874505,309748845.48405087,1527312633.9033995,1.0411424652728067,157848845.48405084,151900000.0,0.0
545,6,1,0,6,1,1,1,0,1,1,4,2147670245.975916,800891418.8650445,1346778827.1108718,0.17676369848506024,121111477.01828113,679700000.0,79941.8467633267
546,1,2,0,8,1,0,0,1,0,1,0,2647465791.617351,394972093.9723275,2252493697.645024,1.8012170383250743,108172093.97232749,286800000.0,0.0
547,10,5,0,1,1,0,1,0,1,1,3,1832962434.1351726,743666209.1969767,1089296224.9381962,0.152160574956008,148510344.25397643,595100000.0,55864.94300016768
548,10,5,5,1,2,1,1,1,0,1,0,1332486443.3710036,763631110.6077828,568855332.763221,0.42775751028542014,174431110.60778284,589200000.0,0.0
549,1,8,0,1,2,0,0,0,0,0,0,2487972465.654006,125632431.74736598,2362340033.90664,2.1707498612974208,125632431.74736598,0.0,0.0
550,10,9,4,6,2,0,1,1,0,1,3,1165709027.817784,698258789.3887954,467450238.42898875,0.04483609379553219,193631018.26887205,504600000.0,27771.119923349448
551,6,2,3,4,1,1,1,1,0,1,0,1589292236.7460032,733430872.2051041,855861364.540899,0.6757084171274212,144230872.20510408,589200000.0,0.0
552,10,10,7,6,1,0,0,0,0,1,0,968323185.8652959,456736588.9129683,511586596.9523276,0.3932005146623189,200636588.91296825,256100000.00000003,0.0
553,7,2,0,1,1,1,1,0,1,1,0,2186577513.8826995,803915395.2329035,1382662118.649796,1.486741447751153,124215395.23290351,679700000.0,0.0
554,0,0,0,1,1,0,1,0,0,1,3,2688481089.6570625,504313865.87675333,2184167223.780309,0.2544090589785782,30321889.48739883,473900000.0,91976.38935455539
555,4,10,0,3,2,1,1,1,1,1,2,1384672256.432517,856805175.4288262,527867081.00369096,0.08535942751051605,146382466.25471827,710400000.0,22709.174107954073
556,1,2,0,6,1,0,0,1,1,1,0,2484757125.568415,514148557.2845956,1970608568.2838197,1.479976879836523,106148557.28459561,408000000.0,0.0
557,1,8,0,4,1,0,0,0,1,1,0,2571235467.802372,503720481.5716302,2067514986.2307417,1.833299127181103,126420481.57163018,377300000.0,0.0
558,10,10,4,6,2,0,1,1,1,1,0,1108555895.3448682,824046259.4667361,284509635.8781323,0.2310137390137074,198246259.46673602,625800000.0,0.0
559,10,4,0,7,2,0,1,0,0,1,0,1972250909.6733887,625572573.8082285,1346678335.8651602,1.604588538835303,151672573.80822852,473900000.0,0.0
560,10,3,0,7,2,1,0,0,0,1,1,2012982581.8368404,489016445.0041872,1523966136.8326535,0.625617520891965,148279605.19637203,340700000.0,36839.807815166525
561,9,4,0,1,2,0,0,0,0,1,4,1799447820.0268202,397742479.5698069,1401705340.4570134,0.19503778439955993,141560012.58590895,256100000.00000003,82466.98389787711
562,9,10,10,10,6,1,1,0,1,0,1,702364909.0834109,636823700.3530232,65541208.73038766,0.01915466358519054,213221898.77355847,423600000.0,1801.5794647270445
563,1,1,0,1,1,0,0,0,1,1,0,2933008375.0328746,476217927.2300646,2456790447.8028107,2.1170371296151984,98917927.23006457,377300000.0,0.0
564,1,2,0,8,0,0,0,1,1,1,3,2517122682.853695,492024904.92900854,2025097777.9246864,0.1821984710559826,83962154.24176791,408000000.0,62750.687240634565
565,1,3,0,7,1,0,0,1,0,1,0,2548056206.5090604,397152380.911581,2150903825.59748,1.7271133299818457,110352380.91158096,286800000.0,0.0
566,1,2,3,0,1,0,0,1,1,1,0,2338910537.2642775,525737887.7190828,1813172649.5451944,1.1965073659256755,117737887.71908277,408000000.0,0.0
567,10,10,8,6,10,0,1,0,0,0,0,463132864.1476029,437248661.8834359,25884202.264166977,0.019975024418894923,219448661.8834359,217800000.0,0.0
568,10,3,5,6,3,1,1,1,1,1,3,1275831515.827653,883717107.7360166,392114408.0916362,0.037044601354619275,173295658.81717658,710400000.0,21448.918840102604
569,9,9,0,1,1,0,1,0,1,1,3,1774399030.9647079,754996198.4716182,1019402832.4930898,0.14531308358870654,159843773.60191464,595100000.0,52424.869703555305
570,1,3,3,6,1,0,0,0,0,1,3,2324596623.014468,387405065.04821754,1937191557.9662504,0.15982854212726522,131246011.01743521,256100000.00000003,59054.03078229245
571,1,10,0,7,1,0,0,0,1,0,0,2318873998.7022634,259420282.6439816,2059453716.058282,1.8353949766865771,138220282.6439816,121200000.0,0.0
572,10,10,9,7,10,1,1,1,1,1,0,938537319.14812,932347809.0505958,6189510.097524268,0.004855450511324387,221947809.05059576,710400000.0,0.0
573,1,2,3,0,1,0,0,1,1,1,4,2338972464.5932593,525799815.0480648,1813172649.5451944,0.14358088391108104,117737887.71908277,408000000.0,61927.32898207808
574,0,0,0,2,1,0,1,0,0,1,4,2674654173.0525126,505071566.918654,2169582606.1338587,0.2538403949954441,31065494.719554596,473900000.0,106072.199099419
575,1,10,0,5,3,0,0,0,1,0,3,2154606146.2906494,260785463.38173035,1893820682.9089189,0.2057926384791964,139536014.7677405,121200000.0,49448.61398987166
576,10,5,0,0,2,0,0,0,0,0,2,1505435271.6681907,144029606.92389116,1361405664.7442994,0.2395195375942208,143974325.40381163,0.0,55281.52007953498
577,9,10,0,9,3,0,0,0,0,0,0,1269199940.4869542,174987604.380579,1094212336.1063752,1.417522839197857,174987604.380579,0.0,0.0
578,6,9,0,4,1,0,0,0,0,1,4,1699299655.1416786,405002075.4148009,1294297579.7268777,0.185903039094837,148825434.50988126,256100000.00000003,76640.90491965259
579,1,4,1,7,1,0,0,0,0,0,1,2254131714.0857296,133405461.61420716,2120726252.4715228,0.6321493376779552,133373912.36350669,0.0,31549.250700473327
580,1,2,3,3,1,0,0,1,1,1,0,2318635606.012906,533380730.5922264,1785254875.4206798,1.1873080807436955,125380730.59222636,408000000.0,0.0
581,9,10,1,5,6,1,1,1,1,1,0,1050383786.8478756,906443295.7753394,143940491.0725362,0.1703084387690273,196043295.7753393,710400000.0,0.0
582,1,10,0,7,2,0,0,0,0,0,3,2434549268.948033,139867204.46987006,2294682064.478163,0.2569486502693166,139796213.55065608,0.0,70990.91921397956
583,0,2,0,1,1,0,1,1,0,1,2,2295945378.918318,575015100.0266223,1720930278.891695,0.22043955382047445,70357458.43767218,504600000.0,57641.58895013548
584,10,10,1,6,2,1,0,1,0,1,3,1154266647.381273,566224818.1145895,588041829.2666836,0.0670665845570379,194791923.8933966,371400000.0,32894.221192792924
